# Date: 2019-09-24
rxns	eqnOrig	eqnNew	lbOrig	lbNew	ubOrig	ubNew	grRuleOrig	grRuleNew	notes
HMR_10025	(ADDED)	20-hydroxy-arachidonate[s] <=> 20-hydroxy-arachidonate[x]	0.000000	-1000.000000	0.000000	1000.000000			New exchange reaction to facilitate transport of metabolite between boundadry and extracellular compartment.
HMR_10026	(ADDED)	chenodiol[s] <=> chenodiol[x]	0.000000	-1000.000000	0.000000	1000.000000			New exchange reaction to facilitate transport of metabolite between boundadry and extracellular compartment.
HMR_10027	(ADDED)	LacCer pool[s] <=> LacCer pool[x]	0.000000	-1000.000000	0.000000	1000.000000			New exchange reaction to facilitate transport of metabolite between boundadry and extracellular compartment.
HMR_10028	(ADDED)	Chylomicron Lipoprotein[s] <=> Chylomicron Lipoprotein[x]	0.000000	-1000.000000	0.000000	1000.000000			New exchange reaction to facilitate transport of metabolite between boundadry and extracellular compartment.
HMR_10029	(ADDED)	steroids[s] <=> steroids[x]	0.000000	-1000.000000	0.000000	1000.000000			New exchange reaction to facilitate transport of metabolite between boundadry and extracellular compartment.
HMR_10030	(ADDED)	xenobiotics[s] <=> xenobiotics[x]	0.000000	-1000.000000	0.000000	1000.000000			New exchange reaction to facilitate transport of metabolite between boundadry and extracellular compartment.
HMR_10031	(ADDED)	arachidonate derivatives[s] <=> arachidonate derivatives[x]	0.000000	-1000.000000	0.000000	1000.000000			New exchange reaction to facilitate transport of metabolite between boundadry and extracellular compartment.
HMR_10032	(ADDED)	others[s] <=> others[x]	0.000000	-1000.000000	0.000000	1000.000000			New exchange reaction to facilitate transport of metabolite between boundadry and extracellular compartment.
HMR_9736	cholesterol-ester pool[l] <=> cholesterol-ester pool[x]	(DELETED)	-1000.000000	0.000000	1000.000000	0.000000			Reaction is redundant and involves transport between lysosome and boundary, and was therefore DELETED.
arachidonates	(11R)-HPETE[c] + (13E)-11alpha-hydroxy-9,15-dioxoprost-13-enoate[c] + (13E)-tetranor-16-carboxy-LTE4[p] + (18R)-hydroxy-(5Z,8Z,11Z,14Z,16E)-eicosapentaenoic acid[c] + 10,11-dihydro-12R-hydroxy-LTC4[c] + 10,11-dihydro-12R-hydroxy-LTC4[m] + 10,11-dihydro-12R-hydroxy-LTC4[p] + 10-HETE[c] + 10-HETE[r] + 10-hydroxy-octadec-(12Z)-enoate-9-beta-D-glucuronide[c] + 10-hydroxy-octadec-(12Z)-enoate-9-beta-D-glucuronide[r] + 11,12,15-THETA[c] + 11,12-DHET[c] + 11,12-dihydroxy-(5E,7E,9E,14Z)-eicosatetraenoate[c] + 11,14,15-THETA[c] + 11,15-cyclo-8,12,14-trihydroxy-(5Z,9E)-eicosadienoic acid[c] + 11beta-hydroxyandrost-4-ene-3,17-dione[c] + 11beta-hydroxyandrost-4-ene-3,17-dione[m] + 11beta-hydroxyandrost-4-ene-3,17-dione[r] + 11-dehydro-thromboxane B2[c] + 11-HETE[c] + 11-HpODE[c] + 11-trans-LTE4[c] + 12(R)-HPETE[c] + 12(S)-HHT[c] + 12,20-diHETE[c] + 12,20-diHETE[r] + 12,20-dioxo-LTB4[c] + 12-epi-LTB4[c] + 12-hetre[c] + 12-hydroperoxyeicosatetraenoate-glyceryl-ester[c] + 12-hydroxy-13-O-D-glucuronoside-octadec-(9Z)-enoate[c] + 12-hydroxy-13-O-D-glucuronoside-octadec-(9Z)-enoate[r] + 12-hydroxy-arachidonate[r] + 12-O-D-glucuronoside-13-hydroxyoctadec-(9Z)-enoate[c] + 12-O-D-glucuronoside-13-hydroxyoctadec-(9Z)-enoate[r] + 12-oxo-10,11-dihydro-20-COOH-LTB4[c] + 12-oxo-10,11-dihydro-20-COOH-LTB4[r] + 12-oxo-c-LTB3[r] + 12-oxoETE[c] + 13(S)-HODE[c] + 13,14-dihydro-15-keto-PGD2[c] + 13,14-dihydro-lipoxin A4[c] + 13-cis-retinoyl-beta-D-glucuronide[r] + 13-HETE[c] + 14,15-DHET[c] + 14,15-EET[r] + 15(S)-HEPE[c] + 15(S)-HETrE[c] + 15-deoxy-delta-12,14-PGD2[c] + 15-deoxy-delta-12,14-PGJ2[c] + 15-deoxy-PGD2[c] + 15-epi-lipoxin A4[c] + 15-epi-lipoxin A4[p] + 15-epi-lipoxin A4[r] + 15-epi-lipoxin A5[c] + 15-epi-lipoxin A5[p] + 15-epi-lipoxin A5[r] + 15-epi-lipoxin B4[c] + 15-epi-lipoxin B4[p] + 15-epi-lipoxin B4[r] + 15-epi-lipoxin B5[c] + 15-epi-lipoxin B5[p] + 15-epi-lipoxin B5[r] + 15-keto-prostaglandin F2alpha[c] + 15-oxo-prostaglandin E2-glyceryl ester[c] + 16(R)-HETE[c] + 16,18-oxo-18-CoA-dinor-LTE4[p] + 17-HETE[c] + 18-COOH-LTB4[m] + 18-COOH-LTE4[p] + 18-HETE[c] + 18-hydroxy-arachidonate[r] + 19(S)-HETE[c] + 20-hydroxy-5S-HETE[c] + 20-hydroxy-LTB5[c] + 20-hydroxy-LTB5[r] + 20-OH-hepoxilin A3[c] + 20-OH-hepoxilin A3[r] + 20-trihydroxy-LTB4[c] + 3(S),10(R)-OH-octadeca-6-trans-4,12-cis-trienoate[m] + 3(S),10(R)-OH-octadeca-6-trans-4,12-cis-trienoate[p] + 5(S),6(S)-epoxy-15(R)-HEPE[n] + 5(S)-HEPE[p] + 5(S)-HpEPE[n] + 5,12,18R-TriHEPE[c] + 5,12,20-TriHETE[c] + 5,12-dihydroxy-(6E)-LTB5[c] + 5,15-DiHETE[c] + 5,6-DHET[c] + 5,6-EET[r] + 5,6-epoxy-(8Z)-tetradecenoic acid[c] + 5-oxo-12(R)-hydroxy-eicosa-(8E,10E,14Z)-trienoyl-CoA[c] + 5-oxo-12(R)-hydroxy-eicosa-(8E,10E,14Z)-trienoyl-CoA[r] + 5-oxo-12(S)-hydroxy-eicosa-(8E,10E,14Z)-trienoyl-CoA[c] + 5-oxo-12(S)-hydroxy-eicosa-(8E,10E,14Z)-trienoyl-CoA[r] + 6,7-dihydro-12-epi-LTB4[c] + 6,7-dihydro-12-epi-LTB4[m] + 6,7-dihydro-12-epi-LTB4[p] + 6,7-dihydro-LTB4[c] + 6,7-dihydro-LTB4[m] + 6,7-dihydro-LTB4[p] + 6,7-dihydro-LTB4[r] + 6-oxo-prostaglandin E1[c] + 6-oxo-prostaglandin F1alpha[r] + 6-trans-12-epi-LTB4[c] + 6-trans-12-epi-LTB4[m] + 6-trans-12-epi-LTB4[p] + 6-trans-LTB4[c] + 6-trans-LTB4[m] + 6-trans-LTB4[p] + 7-HETE[c] + 8(S)-HETE[c] + 8,9-DHET[c] + 8,9-EET[r] + 8,9-epoxy-(5Z)-tetradecenoic acid[c] + 8-HETE[c] + 9-HETE[c] + hepoxilin A3-c[c] + hepoxilin A3-c[p] + leukotriene D5[c] + lipoxin A4[n] + lipoxin A4[p] + lipoxin A4[r] + lipoxin B4[p] + lipoxin B4[r] + malonic-dialdehyde[c] + N-acetyl-LTE4[c] + N-acetyl-LTE4[n] + omega-carboxy-trinor-LTB4[m] + omega-carboxy-trinor-LTB4[p] + prostaglandin E2[r] + prostaglandin E3[n] + prostaglandin H1[r] + prostaglandin J2[r] + prostaglandin-PGB2-glyceryl ester[c] + prostaglandin-PGE2-1-glyceryl ester[c] + prostaglandin-PGE2-3-glyceryl ester[c] + S-(11-hydroxy-9-deoxy-delta12-PGD2)-glutathione[c] + S-(11-OH-9-deoxy-delta9,12-PGD2)-glutathione[c] + S-(PGA1)-glutathione[c] + S-(PGA2)-glutathione[c] + S-(PGJ2)-glutathione[c] + trioxilin A3[c] + trioxilin A3[p] + trioxilin A3[r] + trioxilin B3[c] => arachidonate derivatives[x]	(11R)-HPETE[c] + (13E)-11alpha-hydroxy-9,15-dioxoprost-13-enoate[c] + (13E)-tetranor-16-carboxy-LTE4[p] + (18R)-hydroxy-(5Z,8Z,11Z,14Z,16E)-eicosapentaenoic acid[c] + 10,11-dihydro-12R-hydroxy-LTC4[c] + 10,11-dihydro-12R-hydroxy-LTC4[m] + 10,11-dihydro-12R-hydroxy-LTC4[p] + 10-HETE[c] + 10-HETE[r] + 10-hydroxy-octadec-(12Z)-enoate-9-beta-D-glucuronide[c] + 10-hydroxy-octadec-(12Z)-enoate-9-beta-D-glucuronide[r] + 11,12,15-THETA[c] + 11,12-DHET[c] + 11,12-dihydroxy-(5E,7E,9E,14Z)-eicosatetraenoate[c] + 11,14,15-THETA[c] + 11,15-cyclo-8,12,14-trihydroxy-(5Z,9E)-eicosadienoic acid[c] + 11beta-hydroxyandrost-4-ene-3,17-dione[c] + 11beta-hydroxyandrost-4-ene-3,17-dione[m] + 11beta-hydroxyandrost-4-ene-3,17-dione[r] + 11-dehydro-thromboxane B2[c] + 11-HETE[c] + 11-HpODE[c] + 11-trans-LTE4[c] + 12(R)-HPETE[c] + 12(S)-HHT[c] + 12,20-diHETE[c] + 12,20-diHETE[r] + 12,20-dioxo-LTB4[c] + 12-epi-LTB4[c] + 12-hetre[c] + 12-hydroperoxyeicosatetraenoate-glyceryl-ester[c] + 12-hydroxy-13-O-D-glucuronoside-octadec-(9Z)-enoate[c] + 12-hydroxy-13-O-D-glucuronoside-octadec-(9Z)-enoate[r] + 12-hydroxy-arachidonate[r] + 12-O-D-glucuronoside-13-hydroxyoctadec-(9Z)-enoate[c] + 12-O-D-glucuronoside-13-hydroxyoctadec-(9Z)-enoate[r] + 12-oxo-10,11-dihydro-20-COOH-LTB4[c] + 12-oxo-10,11-dihydro-20-COOH-LTB4[r] + 12-oxo-c-LTB3[r] + 12-oxoETE[c] + 13(S)-HODE[c] + 13,14-dihydro-15-keto-PGD2[c] + 13,14-dihydro-lipoxin A4[c] + 13-cis-retinoyl-beta-D-glucuronide[r] + 13-HETE[c] + 14,15-DHET[c] + 14,15-EET[r] + 15(S)-HEPE[c] + 15(S)-HETrE[c] + 15-deoxy-delta-12,14-PGD2[c] + 15-deoxy-delta-12,14-PGJ2[c] + 15-deoxy-PGD2[c] + 15-epi-lipoxin A4[c] + 15-epi-lipoxin A4[p] + 15-epi-lipoxin A4[r] + 15-epi-lipoxin A5[c] + 15-epi-lipoxin A5[p] + 15-epi-lipoxin A5[r] + 15-epi-lipoxin B4[c] + 15-epi-lipoxin B4[p] + 15-epi-lipoxin B4[r] + 15-epi-lipoxin B5[c] + 15-epi-lipoxin B5[p] + 15-epi-lipoxin B5[r] + 15-keto-prostaglandin F2alpha[c] + 15-oxo-prostaglandin E2-glyceryl ester[c] + 16(R)-HETE[c] + 16,18-oxo-18-CoA-dinor-LTE4[p] + 17-HETE[c] + 18-COOH-LTB4[m] + 18-COOH-LTE4[p] + 18-HETE[c] + 18-hydroxy-arachidonate[r] + 19(S)-HETE[c] + 20-hydroxy-5S-HETE[c] + 20-hydroxy-LTB5[c] + 20-hydroxy-LTB5[r] + 20-OH-hepoxilin A3[c] + 20-OH-hepoxilin A3[r] + 20-trihydroxy-LTB4[c] + 3(S),10(R)-OH-octadeca-6-trans-4,12-cis-trienoate[m] + 3(S),10(R)-OH-octadeca-6-trans-4,12-cis-trienoate[p] + 5(S),6(S)-epoxy-15(R)-HEPE[n] + 5(S)-HEPE[p] + 5(S)-HpEPE[n] + 5,12,18R-TriHEPE[c] + 5,12,20-TriHETE[c] + 5,12-dihydroxy-(6E)-LTB5[c] + 5,15-DiHETE[c] + 5,6-DHET[c] + 5,6-EET[r] + 5,6-epoxy-(8Z)-tetradecenoic acid[c] + 5-oxo-12(R)-hydroxy-eicosa-(8E,10E,14Z)-trienoyl-CoA[c] + 5-oxo-12(R)-hydroxy-eicosa-(8E,10E,14Z)-trienoyl-CoA[r] + 5-oxo-12(S)-hydroxy-eicosa-(8E,10E,14Z)-trienoyl-CoA[c] + 5-oxo-12(S)-hydroxy-eicosa-(8E,10E,14Z)-trienoyl-CoA[r] + 6,7-dihydro-12-epi-LTB4[c] + 6,7-dihydro-12-epi-LTB4[m] + 6,7-dihydro-12-epi-LTB4[p] + 6,7-dihydro-LTB4[c] + 6,7-dihydro-LTB4[m] + 6,7-dihydro-LTB4[p] + 6,7-dihydro-LTB4[r] + 6-oxo-prostaglandin E1[c] + 6-oxo-prostaglandin F1alpha[r] + 6-trans-12-epi-LTB4[c] + 6-trans-12-epi-LTB4[m] + 6-trans-12-epi-LTB4[p] + 6-trans-LTB4[c] + 6-trans-LTB4[m] + 6-trans-LTB4[p] + 7-HETE[c] + 8(S)-HETE[c] + 8,9-DHET[c] + 8,9-EET[r] + 8,9-epoxy-(5Z)-tetradecenoic acid[c] + 8-HETE[c] + 9-HETE[c] + hepoxilin A3-c[c] + hepoxilin A3-c[p] + leukotriene D5[c] + lipoxin A4[n] + lipoxin A4[p] + lipoxin A4[r] + lipoxin B4[p] + lipoxin B4[r] + malonic-dialdehyde[c] + N-acetyl-LTE4[c] + N-acetyl-LTE4[n] + omega-carboxy-trinor-LTB4[m] + omega-carboxy-trinor-LTB4[p] + prostaglandin E2[r] + prostaglandin E3[n] + prostaglandin H1[r] + prostaglandin J2[r] + prostaglandin-PGB2-glyceryl ester[c] + prostaglandin-PGE2-1-glyceryl ester[c] + prostaglandin-PGE2-3-glyceryl ester[c] + S-(11-hydroxy-9-deoxy-delta12-PGD2)-glutathione[c] + S-(11-OH-9-deoxy-delta9,12-PGD2)-glutathione[c] + S-(PGA1)-glutathione[c] + S-(PGA2)-glutathione[c] + S-(PGJ2)-glutathione[c] + trioxilin A3[c] + trioxilin A3[p] + trioxilin A3[r] + trioxilin B3[c] => arachidonate derivatives[s]	0.000000	0.000000	1000.000000	1000.000000			updated reaction to generate pool metabolite in extracellular, to avoid transport between non-extracellular compartments and the boundary.
others	1,2-dehydrosalsolinol[c] + 1,2-D-glucosyl-5-D-(galactosyloxy)-L-lysine-procollagen[c] + 1-alkenyl-2-acylglycerol[c] + 1D-myo-inositol-3,4,5,6-tetrakisphosphate[c] + 1-lysolecithin pool[c] + 1-pyrroline-2-carboxylate[c] + 2-trans,6-trans-farnesal[c] + 3-(methylthio)propionic acid[c] + 3,3,5-triiodo-L-thyronine-beta-D-glucuronoside[c] + 3,3,5-triiodo-L-thyronine-beta-D-glucuronoside[r] + 3,4-dihydroxymandelate[c] + 3,5,3,5-tetraiodo-L-thyronine-beta-D-glucuronoside[c] + 3,5,3,5-tetraiodo-L-thyronine-beta-D-glucuronoside[r] + 3,5-dihydroxy-3,4-dihydro-1,4-benzothiazine[c] + 4-acetamidobutanoate[c] + 5,6-indolequinone-2-carboxylate[c] + 5,9,11-trihydroxyprosta-(6E,14Z)-dien-1-oate[c] + 5,9-cyclo-6,8,12-trihydroxy-(10E,14Z)-eicosadienoic acid[c] + 5-amino-2-oxopentanoic acid[p] + 5-guanidino-2-oxopentanoate[p] + 5-methoxyindoleacetate[c] + 5-S-glutathionyl-aminochrome reduced[c] + 6-pyruvoyltetrahydropterin[n] + 7alpha,25-dihydroxy-4-cholesten-3-one[r] + 7alpha-hydroxy-3-oxo-4-cholestenoic acid[m] + 9,11,15-trihydroxyprosta-(5Z,13E)-dien-1-oate[c] + acetamidopropanal[c] + acetamidopropanal[p] + adenylated molybdopterin[c] + azelaic acid[c] + dTDP-6-deoxy-L-mannose[c] + GQ1c[c] + imidazole-4-acetate[c] + imidazole-4-acetate[m] + methyl-indole-3-acetate[c] + mitoACP[m] + N,N-dimethylindoliumolate[c] + N-acetyl-5-methoxykynuramine[c] + nitryl-chloride[c] + PAP[l] + peptide sans lysine[r] + peroxynitrite[c] + phytosphingosine[c] + S-[2-carboxy-1-(1H-imidazol-4-yl)ethyl]-3-thiolactate[c] + selenohomocysteine[c] + selenomethionine-se-oxide[c] + spermidine dialdehyde[c] + spermidine dialdehyde[p] + spermidine dialdehyde[s] + spermine dialdehyde[c] + spermine dialdehyde[p] + taurodeoxycholate[c] + taurodeoxycholate[p] + UDP-xylose[g] + ureidoglycolate[c] => others[x]	1,2-dehydrosalsolinol[c] + 1,2-D-glucosyl-5-D-(galactosyloxy)-L-lysine-procollagen[c] + 1-alkenyl-2-acylglycerol[c] + 1D-myo-inositol-3,4,5,6-tetrakisphosphate[c] + 1-lysolecithin pool[c] + 1-pyrroline-2-carboxylate[c] + 2-trans,6-trans-farnesal[c] + 3-(methylthio)propionic acid[c] + 3,3,5-triiodo-L-thyronine-beta-D-glucuronoside[c] + 3,3,5-triiodo-L-thyronine-beta-D-glucuronoside[r] + 3,4-dihydroxymandelate[c] + 3,5,3,5-tetraiodo-L-thyronine-beta-D-glucuronoside[c] + 3,5,3,5-tetraiodo-L-thyronine-beta-D-glucuronoside[r] + 3,5-dihydroxy-3,4-dihydro-1,4-benzothiazine[c] + 4-acetamidobutanoate[c] + 5,6-indolequinone-2-carboxylate[c] + 5,9,11-trihydroxyprosta-(6E,14Z)-dien-1-oate[c] + 5,9-cyclo-6,8,12-trihydroxy-(10E,14Z)-eicosadienoic acid[c] + 5-amino-2-oxopentanoic acid[p] + 5-guanidino-2-oxopentanoate[p] + 5-methoxyindoleacetate[c] + 5-S-glutathionyl-aminochrome reduced[c] + 6-pyruvoyltetrahydropterin[n] + 7alpha,25-dihydroxy-4-cholesten-3-one[r] + 7alpha-hydroxy-3-oxo-4-cholestenoic acid[m] + 9,11,15-trihydroxyprosta-(5Z,13E)-dien-1-oate[c] + acetamidopropanal[c] + acetamidopropanal[p] + adenylated molybdopterin[c] + azelaic acid[c] + dTDP-6-deoxy-L-mannose[c] + GQ1c[c] + imidazole-4-acetate[c] + imidazole-4-acetate[m] + methyl-indole-3-acetate[c] + mitoACP[m] + N,N-dimethylindoliumolate[c] + N-acetyl-5-methoxykynuramine[c] + nitryl-chloride[c] + PAP[l] + peptide sans lysine[r] + peroxynitrite[c] + phytosphingosine[c] + S-[2-carboxy-1-(1H-imidazol-4-yl)ethyl]-3-thiolactate[c] + selenohomocysteine[c] + selenomethionine-se-oxide[c] + spermidine dialdehyde[c] + spermidine dialdehyde[p] + spermidine dialdehyde[s] + spermine dialdehyde[c] + spermine dialdehyde[p] + taurodeoxycholate[c] + taurodeoxycholate[p] + UDP-xylose[g] + ureidoglycolate[c] => others[s]	0.000000	0.000000	1000.000000	1000.000000			updated reaction to generate pool metabolite in extracellular, to avoid transport between non-extracellular compartments and the boundary.
steroids	16alpha-hydroxyestrone[c] + 16alpha-hydroxyestrone[r] + 19-hydroxytestosterone[r] + 21-hydroxyallopregnanolone[c] + 27alpha-hydroxy-7-dehydrocholesterol[c] + 2-hydroxy-17beta-estradiol-1-S-glutathione[c] + 2-hydroxy-17beta-estradiol-1-S-glutathione[m] + 2-hydroxy-17beta-estradiol-1-S-glutathione[p] + 2-hydroxy-17beta-estradiol-1-S-glutathione[r] + 2-hydroxy-17beta-estradiol-4-S-glutathione[c] + 2-hydroxy-17beta-estradiol-4-S-glutathione[m] + 2-hydroxy-17beta-estradiol-4-S-glutathione[p] + 2-hydroxy-17beta-estradiol-4-S-glutathione[r] + 2-hydroxy-3-methoxy-17beta-estradiol[c] + 2-hydroxy-3-methoxyestrone[c] + 2-hydroxyestradiol-17beta[l] + 2-hydroxyestradiol-17beta[r] + 2-hydroxyestrone-1-S-glutathione[c] + 2-hydroxyestrone-1-S-glutathione[m] + 2-hydroxyestrone-1-S-glutathione[p] + 2-hydroxyestrone-1-S-glutathione[r] + 2-hydroxyestrone-4-S-glutathione[c] + 2-hydroxyestrone-4-S-glutathione[m] + 2-hydroxyestrone-4-S-glutathione[p] + 2-hydroxyestrone-4-S-glutathione[r] + 2-methoxyestradiol-17beta[c] + 2-methoxyestrone[c] + 2-methoxyestrone[r] + 3alpha,7alpha,12alpha,25-tetrahydroxy-5beta-cholestane-24-one[r] + 3alpha-hydroxy-5alpha-pregnan-20-one[c] + 3-monoiodo-L-thyronine[r] + 3-O-methyldopa[c] + 4-(2-amino-3-hydroxyphenyl)-4-oxobutanoic acid-O-glucoside[c] + 4-(methylnitrosamino)-1-(1-oxido-3-pyridinyl)-1-butanone[c] + 4,6,7-trihydroxy-1,2,3,4-tetrahydroisoquinoline[c] + 4,6-dihydroxyquinoline[c] + 4,8-dihydroxyquinoline[c] + 4-hydroxy-17beta-estradiol-2-S-glutathione[c] + 4-hydroxy-17beta-estradiol-2-S-glutathione[m] + 4-hydroxy-17beta-estradiol-2-S-glutathione[p] + 4-hydroxy-17beta-estradiol-2-S-glutathione[r] + 4-hydroxy-2-nonenal[c] + 4-hydroxyestrone-2-S-glutathione[c] + 4-hydroxyestrone-2-S-glutathione[m] + 4-hydroxyestrone-2-S-glutathione[p] + 4-hydroxyestrone-2-S-glutathione[r] + 4-methoxy-17beta-estradiol[c] + 4-methoxyestrone[c] + estrone-2,3-semiquinone[r] + estrone-3,4-semiquinone[r] + methaneselenol[c] => steroids[x]	16alpha-hydroxyestrone[c] + 16alpha-hydroxyestrone[r] + 19-hydroxytestosterone[r] + 21-hydroxyallopregnanolone[c] + 27alpha-hydroxy-7-dehydrocholesterol[c] + 2-hydroxy-17beta-estradiol-1-S-glutathione[c] + 2-hydroxy-17beta-estradiol-1-S-glutathione[m] + 2-hydroxy-17beta-estradiol-1-S-glutathione[p] + 2-hydroxy-17beta-estradiol-1-S-glutathione[r] + 2-hydroxy-17beta-estradiol-4-S-glutathione[c] + 2-hydroxy-17beta-estradiol-4-S-glutathione[m] + 2-hydroxy-17beta-estradiol-4-S-glutathione[p] + 2-hydroxy-17beta-estradiol-4-S-glutathione[r] + 2-hydroxy-3-methoxy-17beta-estradiol[c] + 2-hydroxy-3-methoxyestrone[c] + 2-hydroxyestradiol-17beta[l] + 2-hydroxyestradiol-17beta[r] + 2-hydroxyestrone-1-S-glutathione[c] + 2-hydroxyestrone-1-S-glutathione[m] + 2-hydroxyestrone-1-S-glutathione[p] + 2-hydroxyestrone-1-S-glutathione[r] + 2-hydroxyestrone-4-S-glutathione[c] + 2-hydroxyestrone-4-S-glutathione[m] + 2-hydroxyestrone-4-S-glutathione[p] + 2-hydroxyestrone-4-S-glutathione[r] + 2-methoxyestradiol-17beta[c] + 2-methoxyestrone[c] + 2-methoxyestrone[r] + 3alpha,7alpha,12alpha,25-tetrahydroxy-5beta-cholestane-24-one[r] + 3alpha-hydroxy-5alpha-pregnan-20-one[c] + 3-monoiodo-L-thyronine[r] + 3-O-methyldopa[c] + 4-(2-amino-3-hydroxyphenyl)-4-oxobutanoic acid-O-glucoside[c] + 4-(methylnitrosamino)-1-(1-oxido-3-pyridinyl)-1-butanone[c] + 4,6,7-trihydroxy-1,2,3,4-tetrahydroisoquinoline[c] + 4,6-dihydroxyquinoline[c] + 4,8-dihydroxyquinoline[c] + 4-hydroxy-17beta-estradiol-2-S-glutathione[c] + 4-hydroxy-17beta-estradiol-2-S-glutathione[m] + 4-hydroxy-17beta-estradiol-2-S-glutathione[p] + 4-hydroxy-17beta-estradiol-2-S-glutathione[r] + 4-hydroxy-2-nonenal[c] + 4-hydroxyestrone-2-S-glutathione[c] + 4-hydroxyestrone-2-S-glutathione[m] + 4-hydroxyestrone-2-S-glutathione[p] + 4-hydroxyestrone-2-S-glutathione[r] + 4-methoxy-17beta-estradiol[c] + 4-methoxyestrone[c] + estrone-2,3-semiquinone[r] + estrone-3,4-semiquinone[r] + methaneselenol[c] => steroids[s]	0.000000	0.000000	1000.000000	1000.000000			updated reaction to generate pool metabolite in extracellular, to avoid transport between non-extracellular compartments and the boundary.
xenobiotics	(1aalpha,2beta,3alpha,11calpha)-1a,2,3,11c-tetrahydro-6,11-dimethylbenzo[6,7]phenanthro[3,4-b]oxirene-2,3-diol[c] + (1R)-hydroxy-(2R)-glutathionyl-1,2-dihydronaphthalene[c] + (1S)-hydroxy-(2S)-glutathionyl-1,2-dihydronaphthalene[c] + 1,2-dihydroxy-3,4-epoxy-1,2,3,4-tetrahydronaphthalene[c] + 1,2-naphthoquinone[c] + 1,4-naphthoquinone[c] + 1-naphthylamine[c] + 1-nitro-5,6-dihydroxy-dihydronaphthalene[c] + 1-nitro-5-glutathionyl-6-hydroxy-5,6-dihydronaphthalene[c] + 1-nitro-5-hydroxy-6-glutathionyl-5,6-dihydronaphthalene[c] + 1-nitro-7-glutathionyl-8-hydroxy-7,8-dihydronaphthalene[c] + 1-nitro-7-hydroxy-8-glutathionyl-7,8-dihydronaphthalene[c] + 2,2-dichloro-1,1-ethanediol[c] + 2,3-dihydro-2-S-glutathionyl-3-hydroxy bromobenzene[c] + 2-bromophenol[c] + 3,4-dihydro-3-hydroxy-4-S-glutathionyl bromobenzene[c] + 3-succinoylpyridine[c] + 4-(methylnitrosamino)-1-(1-oxido-3-pyridinyl)-1-butanone[c] + 4-(methylnitrosamino)-1-(3-pyridyl)-1-butanol glucuronide[c] + 4-(methylnitrosamino)-1-(3-pyridyl-N-oxide)-1-butanol[c] + 4,5-dihydro-4-hydroxy-5-S-glutathionyl-benzo[a]pyrene[c] + 4-bromo-3,5-cyclohexadiene-1,2-dione[c] + 6-[2,3-dihydroxy-1-(hydroxymethyl)propyl]-1,2-dihydro-7-hydroxy-9-methoxy-cyclopenta[c][1]benzopyran-3,4-dione[c] + 7,8-dihydro-7-hydroxy-8-S-glutathionyl-benzo[a]pyrene[c] + 7-hydroxymethyl-12-methylbenz[a]anthracene sulfate[c] + 9-hydroxybenzo[a]pyrene-4,5-oxide[c] + aflatoxin B1-endo-8,9-epoxide[c] + aflatoxin B1-exo-8,9-epoxide-GSH[c] + aflatoxin M1-8,9-epoxide[c] + aflatoxin Q1[c] + benzo[a]pyrene-7,8-dihydrodiol-9,10-oxide[c] + dichloroacetate[c] + gamma-hydroxy-3-pyridinebutanoate[c] + 2 hydrobromic acid[c] + hydrochloride[c] + nitrogen[c] + NNAL-N-glucuronide[c] + N-nitrosomethanamine[c] + S-(1,2-dichlorovinyl)glutathione[c] + S-(2,2-dichloro-1-hydroxy)ethyl glutathione[c] + S-(2-hydroxyethyl)glutathione[c] + trans-5,6-dihydro-5,6-dihydroxy-7,12-dimethylbenz[a]anthracene[c] + trichloroethanol glucuronide[c] => xenobiotics[x]	(1aalpha,2beta,3alpha,11calpha)-1a,2,3,11c-tetrahydro-6,11-dimethylbenzo[6,7]phenanthro[3,4-b]oxirene-2,3-diol[c] + (1R)-hydroxy-(2R)-glutathionyl-1,2-dihydronaphthalene[c] + (1S)-hydroxy-(2S)-glutathionyl-1,2-dihydronaphthalene[c] + 1,2-dihydroxy-3,4-epoxy-1,2,3,4-tetrahydronaphthalene[c] + 1,2-naphthoquinone[c] + 1,4-naphthoquinone[c] + 1-naphthylamine[c] + 1-nitro-5,6-dihydroxy-dihydronaphthalene[c] + 1-nitro-5-glutathionyl-6-hydroxy-5,6-dihydronaphthalene[c] + 1-nitro-5-hydroxy-6-glutathionyl-5,6-dihydronaphthalene[c] + 1-nitro-7-glutathionyl-8-hydroxy-7,8-dihydronaphthalene[c] + 1-nitro-7-hydroxy-8-glutathionyl-7,8-dihydronaphthalene[c] + 2,2-dichloro-1,1-ethanediol[c] + 2,3-dihydro-2-S-glutathionyl-3-hydroxy bromobenzene[c] + 2-bromophenol[c] + 3,4-dihydro-3-hydroxy-4-S-glutathionyl bromobenzene[c] + 3-succinoylpyridine[c] + 4-(methylnitrosamino)-1-(1-oxido-3-pyridinyl)-1-butanone[c] + 4-(methylnitrosamino)-1-(3-pyridyl)-1-butanol glucuronide[c] + 4-(methylnitrosamino)-1-(3-pyridyl-N-oxide)-1-butanol[c] + 4,5-dihydro-4-hydroxy-5-S-glutathionyl-benzo[a]pyrene[c] + 4-bromo-3,5-cyclohexadiene-1,2-dione[c] + 6-[2,3-dihydroxy-1-(hydroxymethyl)propyl]-1,2-dihydro-7-hydroxy-9-methoxy-cyclopenta[c][1]benzopyran-3,4-dione[c] + 7,8-dihydro-7-hydroxy-8-S-glutathionyl-benzo[a]pyrene[c] + 7-hydroxymethyl-12-methylbenz[a]anthracene sulfate[c] + 9-hydroxybenzo[a]pyrene-4,5-oxide[c] + aflatoxin B1-endo-8,9-epoxide[c] + aflatoxin B1-exo-8,9-epoxide-GSH[c] + aflatoxin M1-8,9-epoxide[c] + aflatoxin Q1[c] + benzo[a]pyrene-7,8-dihydrodiol-9,10-oxide[c] + dichloroacetate[c] + gamma-hydroxy-3-pyridinebutanoate[c] + 2 hydrobromic acid[c] + hydrochloride[c] + nitrogen[c] + NNAL-N-glucuronide[c] + N-nitrosomethanamine[c] + S-(1,2-dichlorovinyl)glutathione[c] + S-(2,2-dichloro-1-hydroxy)ethyl glutathione[c] + S-(2-hydroxyethyl)glutathione[c] + trans-5,6-dihydro-5,6-dihydroxy-7,12-dimethylbenz[a]anthracene[c] + trichloroethanol glucuronide[c] => xenobiotics[s]	0.000000	0.000000	1000.000000	1000.000000			updated reaction to generate pool metabolite in extracellular, to avoid transport between non-extracellular compartments and the boundary.
