rxn	rxnName	rxnEqn
HMR_10062	Protein pool for biomass reaction	0.0801 L-alanyl-tRNA(ala)[c] + 0.0512 L-arginyl-tRNA(arg)[c] + 0.0556 L-aspartyl-tRNA(asp)[c] + 0.0375 L-asparaginyl-tRNA(asn)[c] + 0.0183 L-cysteinyl-tRNA(cys)[c] + 0.0428 L-glutaminyl-tRNA(gln)[c] + 0.0783 L-glutamyl-tRNA(glu)[c] + 0.0721 glycyl-tRNA(gly)[c] + 0.0228 L-histidyl-tRNA(his)[c] + 0.0442 L-isoleucyl-tRNA(ile)[c] + 0.0911 L-leucyl-tRNA(leu)[c] + 0.0719 L-lysyl-tRNA(lys)[c] + 0.0222 L-methionyl-tRNA(met)[c] + 0.0368 L-phenylalanyl-tRNA(phe)[c] + 0.051 L-prolyl-tRNA(pro)[c] + 0.0661 L-seryl-tRNA(ser)[c] + 0.0535 L-threonyl-tRNA(thr)[c] + 0.0098 L-tryptophanyl-tRNA(trp)[c] + 0.0281 L-tyrosyl-tRNA(tyr)[c] + 0.0667 L-valyl-tRNA(val)[c] => protein_pool_biomass[c] + 0.0801 tRNA(ala)[c] + 0.0512 tRNA(arg)[c] + 0.0556 tRNA(asp)[c] + 0.0375 tRNA(asn)[c] + 0.0183 tRNA(cys)[c] + 0.0428 tRNA(gln)[c] + 0.0783 tRNA(glu)[c] + 0.0721 tRNA(gly)[c] + 0.0228 tRNA(his)[c] + 0.0442 tRNA(ile)[c] + 0.0911 tRNA(leu)[c] + 0.0719 tRNA(lys)[c] + 0.0222 tRNA(met)[c] + 0.0368 tRNA(phe)[c] + 0.051 tRNA(pro)[c] + 0.0661 tRNA(ser)[c] + 0.0535 tRNA(thr)[c] + 0.0098 tRNA(trp)[c] + 0.0281 tRNA(tyr)[c] + 0.0667 tRNA(val)[c]
HMR_10063	Lipid pool for biomass reaction	0.1155 cholesterol[c] + 0.5029 PC-LD pool[c] + 0.1905 PE-LD pool[c] + 0.0692 PI pool[c] + 0.019 PS-LD pool[c] + 0.0096 PG-CL pool[c] + 0.0205 CL pool[c] + 0.0613 SM pool[c] + 0.0115 cholesterol-ester pool[c] => lipid_pool_biomass[c]
HMR_10064	Small metabolite pool for biomass reaction	0.3694 glutamate[c] + 0.0998 glutamine[c] + 0.0865 aspartate[c] + 0.052 UDP-N-acetylglucosamine[c] + 0.0404 alanine[c] + 0.0388 threonine[c] + 0.034 pyruvate[c] + 0.0282 serine[c] + 0.0271 ATP[c] + 0.0234 CoA[c] + 0.0215 glycine[c] + 0.0179 GSH[c] + 0.0102 phenylpyruvate[c] + 0.0102 UTP[c] + 0.0102 isoleucine[c] + 0.0102 leucine[c] + 0.0094 DHAP[c] + 0.0088 UDP-glucose[c] + 0.0088 fructose-1,6-bisphosphate[c] + 0.0088 valine[c] + 0.0081 malate[c] + 0.0071 proline[c] + 0.0054 tyrosine[c] + 0.0052 CTP[c] + 0.0049 phenylalanine[c] + 0.0046 AKG[c] + 0.0043 (S)-dihydroorotate[c] + 0.0039 GTP[c] + 0.0039 glucose-6-phosphate[c] + 0.0037 methionine[c] + 0.0034 citrate[c] + 0.0033 ADP[c] + 0.0029 lysine[c] + 0.0029 NAD+[c] + 0.0028 fumarate[c] + 0.0025 3-phosphoserine[c] + 0.0024 histidine[c] + 0.0022 3-phospho-D-glycerate[c] + 0.0015 arginine[c] + 0.0014 2,3-bisphospho-D-glycerate[c] + 0.0012 asparagine[c] + 0.001 tryptophan[c] + 0.0008 GAP[c] + 0.0008 UDP[c] + 0.0006 UDP-glucuronate[c] + 0.0006 fructose-6-phosphate[c] + 0.0005 cysteine[c] + 0.0004 NADH[c] + 0.0004 NADPH[c] + 0.0002 AMP[c] + 0.0002 dCMP[c] + 0.0002 isocitrate[c] + 0.0002 GDP[c] + 0.0002 acetyl-CoA[c] + 0.0002 NADP+[c] + 0.0002 ribose-5-phosphate[c] + 0.0001 GMP[c] + 0.0001 GSSG[c] + 0.0001 dAMP[c] => metabolite_pool_biomass[c]
HMR_10065	Cofactors and vitamins pool for biomass reaction	0.0345 lipoic acid[c] + 0.0345 biotin[c] + 0.0345 cobamide-coenzyme[m] + 0.0345 heme[m] + 0.0345 FADH2[c] + 0.0345 L-carnitine[c] + 0.0345 riboflavin[c] + 0.0345 tetrahydrobiopterin[c] + 0.0345 THF[c] + 0.0345 ubiquinol[m] + 0.0345 11-cis-retinol[c] + 0.0172 18-hydroxy-all-trans-retinoate[c] + 0.0172 18-hydroxy-all-trans-retinoate[r] + 0.0172 4-hydroxyvitamin A1[c] + 0.0172 4-hydroxyvitamin A1[r] + 0.0172 4-OH-13-cis-retinal[c] + 0.0172 4-OH-13-cis-retinal[r] + 0.0172 4-OH-retinal[c] + 0.0172 4-OH-retinal[r] + 0.0345 4-oxo-13-cis-retinoate[r] + 0.0172 4-oxo-9-cis-retinal[c] + 0.0172 4-oxo-9-cis-retinal[r] + 0.0172 4-oxo-9-cis-retinoyl-beta-glucuronide[c] + 0.0172 4-oxo-9-cis-retinoyl-beta-glucuronide[r] + 0.0172 4-oxo-all-trans-retinoate[c] + 0.0172 4-oxo-all-trans-retinoate[r] + 0.0345 4-oxoretinol[c] + 0.0345 5,8-epoxy-13-cis-retinoate[c] + 0.0345 9-cis-retinol[c] + 0.0345 N-retinylidene-N-retinylethanolamine[c] + 0.0172 24-oxo-1alpha,23,25-trihydroxyvitamin D3[c] + 0.0172 24-oxo-1alpha,23,25-trihydroxyvitamin D3[m] + 0.0172 25-hydroxyvitamin D3-26,23-lactone[c] + 0.0172 25-hydroxyvitamin D3-26,23-lactone[m] + 0.0345 3-carboxy-alpha-chromanol[c] + 0.0345 gamma-CEHC-glucuronide[c] + 0.0345 thiamin-PP[c] + 0.0345 pyridoxal-phosphate[c] => cofactor_pool_biomass[c]
biomass_human	Generic human cell biomass reaction	0.0012 cofactor_pool_biomass[c] + 5.3375 protein_pool_biomass[c] + 0.1124 RNA[c] + 0.0267 DNA[n] + 0.2212 lipid_pool_biomass[c] + 0.4062 glycogen[c] + 0.4835 metabolite_pool_biomass[c] + 45 ATP[c] + 45 H2O[c] => biomass[c] + 45 Pi[c] + 45 H+[c]
