# Date: 2019-03-08
rxns	eqnOrig	eqnNew	lbOrig	lbNew	ubOrig	ubNew	notes
DM_12dhchol[c]	12-Dehydrocholic acid; 12-Oxodeoxycholic acid; 12oxo-3alpha,7alpha-Dihydroxy-5beta-cholan-24-oic acid[c] => 12-Dehydrocholic acid; 12-Oxodeoxycholic acid; 12oxo-3alpha,7alpha-Dihydroxy-5beta-cholan-24-oic acid[x]	(DELETED)	0.000000	0.000000	0.000000	0.000000	Sink/Demand reaction removed because it is artificial and unnecessary.
DM_13_cis_oretn_n_	13-cis-oxo-retinoate[n] => 13-cis-oxo-retinoate[x]	(DELETED)	0.000000	0.000000	0.000000	0.000000	Sink/Demand reaction removed because it is artificial and unnecessary.
DM_13_cis_retn_n_	13-cis-retinoate[n] => 13-cis-retinoate[x]	(DELETED)	0.000000	0.000000	0.000000	0.000000	Sink/Demand reaction removed because it is artificial and unnecessary.
DM_15HPET[n]	15(S)-HPETE[n] => 15(S)-HPETE[x]	(DELETED)	0.000000	0.000000	0.000000	0.000000	Sink/Demand reaction removed because it is artificial and unnecessary.
DM_15HPET[r]	15(S)-HPETE[r] => 15(S)-HPETE[x]	(DELETED)	0.000000	0.000000	0.000000	0.000000	Sink/Demand reaction removed because it is artificial and unnecessary.
DM_15HPET[x]	15(S)-HPETE[p] => 15(S)-HPETE[x]	(DELETED)	0.000000	0.000000	0.000000	0.000000	Sink/Demand reaction removed because it is artificial and unnecessary.
DM_1a2425thvitd2[m]	1-alpha,24R,25-trihydroxyvitamin D2[m] => 1-alpha,24R,25-trihydroxyvitamin D2[x]	(DELETED)	0.000000	0.000000	0.000000	0.000000	Sink/Demand reaction removed because it is artificial and unnecessary.
DM_1a25dhvitd3[n]	calcitriol[n] => calcitriol[x]	(DELETED)	0.000000	0.000000	0.000000	0.000000	Sink/Demand reaction removed because it is artificial and unnecessary.
DM_3dhcdchol[c]	3-Dehydrochenodeoxychollyc acid; 7oxo-3alpha-hydroxy-5beta-cholan-24-oic acid[c] => 3-Dehydrochenodeoxychollyc acid; 7oxo-3alpha-hydroxy-5beta-cholan-24-oic acid[x]	(DELETED)	0.000000	0.000000	0.000000	0.000000	Sink/Demand reaction removed because it is artificial and unnecessary.
DM_3dhchol[c]	3-Dehydrocholic acid; 3oxo-7alpha,12alpha-Dihydroxy-5beta-cholan-24-oic acid[c] => 3-Dehydrocholic acid; 3oxo-7alpha,12alpha-Dihydroxy-5beta-cholan-24-oic acid[x]	(DELETED)	0.000000	0.000000	0.000000	0.000000	Sink/Demand reaction removed because it is artificial and unnecessary.
DM_3dhdchol[c]	3-dehydro-Deoxycholate[c] => 3-dehydro-Deoxycholate[x]	(DELETED)	0.000000	0.000000	0.000000	0.000000	Sink/Demand reaction removed because it is artificial and unnecessary.
DM_3dhlchol[c]	3-dehydro-Lithocholate[c] => 3-dehydro-Lithocholate[x]	(DELETED)	0.000000	0.000000	0.000000	0.000000	Sink/Demand reaction removed because it is artificial and unnecessary.
DM_4abut[c]	4-aminobutyrate[c] => 4-aminobutyrate[x]	(DELETED)	0.000000	0.000000	0.000000	0.000000	Sink/Demand reaction removed because it is artificial and unnecessary.
DM_4abut[n]	4-aminobutyrate[n] => 4-aminobutyrate[x]	(DELETED)	0.000000	0.000000	0.000000	0.000000	Sink/Demand reaction removed because it is artificial and unnecessary.
DM_4glu56dihdind[c]	4-S-Glutathionyl-5,6-Dihydroxyindoline[c] => 4-S-Glutathionyl-5,6-Dihydroxyindoline[x]	(DELETED)	0.000000	0.000000	0.000000	0.000000	Sink/Demand reaction removed because it is artificial and unnecessary.
DM_4hrpo	trans-4-hydroxy-L-proline[m] => trans-4-hydroxy-L-proline[x]	(DELETED)	0.000000	0.000000	0.000000	0.000000	Sink/Demand reaction removed because it is artificial and unnecessary.
DM_5cysdopa[c]	5-S-Cysteinyldopamine[c] => 5-S-Cysteinyldopamine[x]	(DELETED)	0.000000	0.000000	0.000000	0.000000	Sink/Demand reaction removed because it is artificial and unnecessary.
DM_5hpet[r]	5(S)-HPETE[r] => 5(S)-HPETE[x]	(DELETED)	0.000000	0.000000	0.000000	0.000000	Sink/Demand reaction removed because it is artificial and unnecessary.
DM_5mthf[n]	5-methyl-THF[n] => 5-methyl-THF[x]	(DELETED)	0.000000	0.000000	0.000000	0.000000	Sink/Demand reaction removed because it is artificial and unnecessary.
DM_6hddopaqn[c]	6-Hydroxydopamine-Quinone[c] => 6-Hydroxydopamine-Quinone[x]	(DELETED)	0.000000	0.000000	0.000000	0.000000	Sink/Demand reaction removed because it is artificial and unnecessary.
DM_7dhcdchol[c]	7-Dehydrochenodeoxycholic acid; 7oxo-3alpha-hydroxy-5beta-cholan-24-oic acid[c] => 7-Dehydrochenodeoxycholic acid; 7oxo-3alpha-hydroxy-5beta-cholan-24-oic acid[x]	(DELETED)	0.000000	0.000000	0.000000	0.000000	Sink/Demand reaction removed because it is artificial and unnecessary.
DM_7dhchol[c]	7-Dehydrocholic acid; 7-Oxodeoxycholic acid; 7oxo-3alpha,12alpha-Dihydroxy-5beta-cholan-24-oic acid[c] => 7-Dehydrocholic acid; 7-Oxodeoxycholic acid; 7oxo-3alpha,12alpha-Dihydroxy-5beta-cholan-24-oic acid[x]	(DELETED)	0.000000	0.000000	0.000000	0.000000	Sink/Demand reaction removed because it is artificial and unnecessary.
DM_Asn_X_Ser_Thr_ly_	[protein]-L-asparagine[l] => [protein]-L-asparagine[x]	(DELETED)	0.000000	0.000000	0.000000	0.000000	Sink/Demand reaction removed because it is artificial and unnecessary.
DM_C02712[c]	N-acetylmethionine[c] => N-acetylmethionine[x]	(DELETED)	0.000000	0.000000	0.000000	0.000000	Sink/Demand reaction removed because it is artificial and unnecessary.
DM_CE1261[c]	5-S-cysteinyldopa[c] => 5-S-cysteinyldopa[x]	(DELETED)	0.000000	0.000000	0.000000	0.000000	Sink/Demand reaction removed because it is artificial and unnecessary.
DM_CE1562[c]	5,6-indolequinone-2-carboxylate[c] => 5,6-indolequinone-2-carboxylate[x]	(DELETED)	0.000000	0.000000	0.000000	0.000000	Sink/Demand reaction removed because it is artificial and unnecessary.
DM_CE4888[c]	dopaminochrome[c] => dopaminochrome[x]	(DELETED)	0.000000	0.000000	0.000000	0.000000	Sink/Demand reaction removed because it is artificial and unnecessary.
DM_CE5025[c]	5-S-glutathionyl-dopamine[c] => 5-S-glutathionyl-dopamine[x]	(DELETED)	0.000000	0.000000	0.000000	0.000000	Sink/Demand reaction removed because it is artificial and unnecessary.
DM_CE5026[c]	5-S-glutathionyl-L-dopa[c] => 5-S-glutathionyl-L-dopa[x]	(DELETED)	0.000000	0.000000	0.000000	0.000000	Sink/Demand reaction removed because it is artificial and unnecessary.
DM_HMR_biomass_renalcancer	biomass[c] => biomass[x]	(DELETED)	0.000000	0.000000	0.000000	0.000000	Sink/Demand reaction removed because it is artificial and unnecessary.
DM_K_c_	K+[c] => K+[x]	(DELETED)	0.000000	0.000000	0.000000	0.000000	Sink/Demand reaction removed because it is artificial and unnecessary.
DM_Lcystin	cystine[c] => cystine[x]	(DELETED)	0.000000	0.000000	0.000000	0.000000	Sink/Demand reaction removed because it is artificial and unnecessary.
DM_Lkynr[c]	kynurenine[c] => kynurenine[x]	(DELETED)	0.000000	0.000000	0.000000	0.000000	Sink/Demand reaction removed because it is artificial and unnecessary.
DM_PROTEIN	[protein][c] => [protein][x]	(DELETED)	0.000000	0.000000	0.000000	0.000000	Sink/Demand reaction removed because it is artificial and unnecessary.
DM_Ser_Gly_Ala_X_Gly_ly_	[protein]-L-serine[l] => [protein]-L-serine[x]	(DELETED)	0.000000	0.000000	0.000000	0.000000	Sink/Demand reaction removed because it is artificial and unnecessary.
DM_Ser_Thr_ly_	Protein-Linked Serine Or Threonine Residue (O-Glycosylation Site)[l] => Protein-Linked Serine Or Threonine Residue (O-Glycosylation Site)[x]	(DELETED)	0.000000	0.000000	0.000000	0.000000	Sink/Demand reaction removed because it is artificial and unnecessary.
DM_T_antigen_g_	T-antigen[g] => T-antigen[x]	(DELETED)	0.000000	0.000000	0.000000	0.000000	Sink/Demand reaction removed because it is artificial and unnecessary.
DM_ach[c]	acetylcholine[c] => acetylcholine[x]	(DELETED)	0.000000	0.000000	0.000000	0.000000	Sink/Demand reaction removed because it is artificial and unnecessary.
DM_adprbp[c]	ADP-ribose-2-phosphate[c] => ADP-ribose-2-phosphate[x]	(DELETED)	0.000000	0.000000	0.000000	0.000000	Sink/Demand reaction removed because it is artificial and unnecessary.
DM_adrnl[c]	adrenaline[c] => adrenaline[x]	(DELETED)	0.000000	0.000000	0.000000	0.000000	Sink/Demand reaction removed because it is artificial and unnecessary.
DM_akg[c]	AKG[c] => AKG[x]	(DELETED)	0.000000	0.000000	0.000000	0.000000	Sink/Demand reaction removed because it is artificial and unnecessary.
DM_anth	anthranilate[c] => anthranilate[x]	(DELETED)	0.000000	0.000000	0.000000	0.000000	Sink/Demand reaction removed because it is artificial and unnecessary.
DM_ascb_L[c]	ascorbate[c] => ascorbate[x]	(DELETED)	0.000000	0.000000	0.000000	0.000000	Sink/Demand reaction removed because it is artificial and unnecessary.
DM_avite2_c_	alpha-tocotrienol[c] => alpha-tocotrienol[x]	(DELETED)	0.000000	0.000000	0.000000	0.000000	Sink/Demand reaction removed because it is artificial and unnecessary.
DM_bandmt[c]	Band Membrane Protein (Methylated, Universal, Erythrocyte -> 2.1,3,4.1)[c] => Band Membrane Protein (Methylated, Universal, Erythrocyte -> 2.1,3,4.1)[x]	(DELETED)	0.000000	0.000000	0.000000	0.000000	Sink/Demand reaction removed because it is artificial and unnecessary.
DM_btn[m]	biotin[m] => biotin[x]	(DELETED)	0.000000	0.000000	0.000000	0.000000	Sink/Demand reaction removed because it is artificial and unnecessary.
DM_btn[n]	biotin[n] => biotin[x]	(DELETED)	0.000000	0.000000	0.000000	0.000000	Sink/Demand reaction removed because it is artificial and unnecessary.
DM_bvite_c_	Beta-Tocopherol[c] => Beta-Tocopherol[x]	(DELETED)	0.000000	0.000000	0.000000	0.000000	Sink/Demand reaction removed because it is artificial and unnecessary.
DM_ca24g[c]	Cholic acid-24glucuronide, CA-24G[c] => Cholic acid-24glucuronide, CA-24G[x]	(DELETED)	0.000000	0.000000	0.000000	0.000000	Sink/Demand reaction removed because it is artificial and unnecessary.
DM_ca3s[c]	Cholic acid 3-sulfate[c] => Cholic acid 3-sulfate[x]	(DELETED)	0.000000	0.000000	0.000000	0.000000	Sink/Demand reaction removed because it is artificial and unnecessary.
DM_cbl1[m]	cob(I)alamin[m] => cob(I)alamin[x]	(DELETED)	0.000000	0.000000	0.000000	0.000000	Sink/Demand reaction removed because it is artificial and unnecessary.
DM_cbl2[m]	cob(II)alamin[m] => cob(II)alamin[x]	(DELETED)	0.000000	0.000000	0.000000	0.000000	Sink/Demand reaction removed because it is artificial and unnecessary.
DM_cdca24g[c]	Chenodeoxycholic acid-24glucuronide, CDCA-24G[c] => Chenodeoxycholic acid-24glucuronide, CDCA-24G[x]	(DELETED)	0.000000	0.000000	0.000000	0.000000	Sink/Demand reaction removed because it is artificial and unnecessary.
DM_cdca3g[c]	Chenodeoxycholic acid-3glucuronide, CDCA-3G[c] => Chenodeoxycholic acid-3glucuronide, CDCA-3G[x]	(DELETED)	0.000000	0.000000	0.000000	0.000000	Sink/Demand reaction removed because it is artificial and unnecessary.
DM_chylo_hs[e]	Chylomicron Lipoprotein[s] => Chylomicron Lipoprotein[x]	(DELETED)	0.000000	0.000000	0.000000	0.000000	Sink/Demand reaction removed because it is artificial and unnecessary.
DM_coprost[c]	Coprostanol[c] => Coprostanol[x]	(DELETED)	0.000000	0.000000	0.000000	0.000000	Sink/Demand reaction removed because it is artificial and unnecessary.
DM_core5_g_	core 5[g] => core 5[x]	(DELETED)	0.000000	0.000000	0.000000	0.000000	Sink/Demand reaction removed because it is artificial and unnecessary.
DM_core7_g_	core 7[g] => core 7[x]	(DELETED)	0.000000	0.000000	0.000000	0.000000	Sink/Demand reaction removed because it is artificial and unnecessary.
DM_core8_g_	core 8[g] => core 8[x]	(DELETED)	0.000000	0.000000	0.000000	0.000000	Sink/Demand reaction removed because it is artificial and unnecessary.
DM_datp_m_	dATP[m] => dATP[x]	(DELETED)	0.000000	0.000000	0.000000	0.000000	Sink/Demand reaction removed because it is artificial and unnecessary.
DM_datp_n_	dATP[n] => dATP[x]	(DELETED)	0.000000	0.000000	0.000000	0.000000	Sink/Demand reaction removed because it is artificial and unnecessary.
DM_dca24g[c]	Deoxycholic acid-24glucuronide, CDA-24G[c] => Deoxycholic acid-24glucuronide, CDA-24G[x]	(DELETED)	0.000000	0.000000	0.000000	0.000000	Sink/Demand reaction removed because it is artificial and unnecessary.
DM_dca3g[c]	Deoxycholic acid-3glucuronide, CDA-3G[c] => Deoxycholic acid-3glucuronide, CDA-3G[x]	(DELETED)	0.000000	0.000000	0.000000	0.000000	Sink/Demand reaction removed because it is artificial and unnecessary.
DM_dca3s[c]	Deoxycholic acid 3-sulfate[c] => Deoxycholic acid 3-sulfate[x]	(DELETED)	0.000000	0.000000	0.000000	0.000000	Sink/Demand reaction removed because it is artificial and unnecessary.
DM_dctp_m_	dCTP[m] => dCTP[x]	(DELETED)	0.000000	0.000000	0.000000	0.000000	Sink/Demand reaction removed because it is artificial and unnecessary.
DM_dctp_n_	dCTP[n] => dCTP[x]	(DELETED)	0.000000	0.000000	0.000000	0.000000	Sink/Demand reaction removed because it is artificial and unnecessary.
DM_dem2emgacpail_prot_hs_r_	dem2emgacpail_prot heparan sulfate[r] => dem2emgacpail_prot heparan sulfate[x]	(DELETED)	0.000000	0.000000	0.000000	0.000000	Sink/Demand reaction removed because it is artificial and unnecessary.
DM_dgpi_prot_hs_r_	dgpi_prot heparan sulfate[r] => dgpi_prot heparan sulfate[x]	(DELETED)	0.000000	0.000000	0.000000	0.000000	Sink/Demand reaction removed because it is artificial and unnecessary.
DM_dgtp_m_	dGTP[m] => dGTP[x]	(DELETED)	0.000000	0.000000	0.000000	0.000000	Sink/Demand reaction removed because it is artificial and unnecessary.
DM_dgtp_n_	dGTP[n] => dGTP[x]	(DELETED)	0.000000	0.000000	0.000000	0.000000	Sink/Demand reaction removed because it is artificial and unnecessary.
DM_dna5mtc[c]	DNA-5-methylcytosine[c] => DNA-5-methylcytosine[x]	(DELETED)	0.000000	0.000000	0.000000	0.000000	Sink/Demand reaction removed because it is artificial and unnecessary.
DM_dopa[c]	dopamine[c] => dopamine[x]	(DELETED)	0.000000	0.000000	0.000000	0.000000	Sink/Demand reaction removed because it is artificial and unnecessary.
DM_dsT_antigen_g_	disialyl-T antigen[g] => disialyl-T antigen[x]	(DELETED)	0.000000	0.000000	0.000000	0.000000	Sink/Demand reaction removed because it is artificial and unnecessary.
DM_dttp_m_	dTTP[m] => dTTP[x]	(DELETED)	0.000000	0.000000	0.000000	0.000000	Sink/Demand reaction removed because it is artificial and unnecessary.
DM_dttp_n_	dTTP[n] => dTTP[x]	(DELETED)	0.000000	0.000000	0.000000	0.000000	Sink/Demand reaction removed because it is artificial and unnecessary.
DM_ethamp_r_	ethanolamine-phosphate[r] => ethanolamine-phosphate[x]	(DELETED)	0.000000	0.000000	0.000000	0.000000	Sink/Demand reaction removed because it is artificial and unnecessary.
DM_fol	folate[c] => folate[x]	(DELETED)	0.000000	0.000000	0.000000	0.000000	Sink/Demand reaction removed because it is artificial and unnecessary.
DM_for[c]	formate[c] => formate[x]	(DELETED)	0.000000	0.000000	0.000000	0.000000	Sink/Demand reaction removed because it is artificial and unnecessary.
DM_galam[c]	D-Galactosamine[c] => D-Galactosamine[x]	(DELETED)	0.000000	0.000000	0.000000	0.000000	Sink/Demand reaction removed because it is artificial and unnecessary.
DM_gca3s[c]	Glycocholic acid 3-sulfate[c] => Glycocholic acid 3-sulfate[x]	(DELETED)	0.000000	0.000000	0.000000	0.000000	Sink/Demand reaction removed because it is artificial and unnecessary.
DM_gcdca3s[c]	Glycochenodeoxycholic acid 3-sulfate[c] => Glycochenodeoxycholic acid 3-sulfate[x]	(DELETED)	0.000000	0.000000	0.000000	0.000000	Sink/Demand reaction removed because it is artificial and unnecessary.
DM_gd3_hs[g]	GD3[g] => GD3[x]	(DELETED)	0.000000	0.000000	0.000000	0.000000	Sink/Demand reaction removed because it is artificial and unnecessary.
DM_gd3_hs[l]	GD3[l] => GD3[x]	(DELETED)	0.000000	0.000000	0.000000	0.000000	Sink/Demand reaction removed because it is artificial and unnecessary.
DM_gd3_hs[m]	GD3[m] => GD3[x]	(DELETED)	0.000000	0.000000	0.000000	0.000000	Sink/Demand reaction removed because it is artificial and unnecessary.
DM_gda1_hs[n]	Gda1 Hs[n] => Gda1 Hs[x]	(DELETED)	0.000000	0.000000	0.000000	0.000000	Sink/Demand reaction removed because it is artificial and unnecessary.
DM_gdca3s[c]	Glycodeoxycholic acid 3-sulfate[c] => Glycodeoxycholic acid 3-sulfate[x]	(DELETED)	0.000000	0.000000	0.000000	0.000000	Sink/Demand reaction removed because it is artificial and unnecessary.
DM_gm1_hs[n]	Ganglioside Gm1[n] => Ganglioside Gm1[x]	(DELETED)	0.000000	0.000000	0.000000	0.000000	Sink/Demand reaction removed because it is artificial and unnecessary.
DM_gncore2_g_	glcnac-alpha-1,4-core 2[g] => glcnac-alpha-1,4-core 2[x]	(DELETED)	0.000000	0.000000	0.000000	0.000000	Sink/Demand reaction removed because it is artificial and unnecessary.
DM_gpi_sig_er_	gpi_sig[r] => gpi_sig[x]	(DELETED)	0.000000	0.000000	0.000000	0.000000	Sink/Demand reaction removed because it is artificial and unnecessary.
DM_gudca3s[c]	Glycoursodeoxycholic acid 3-sulfate[c] => Glycoursodeoxycholic acid 3-sulfate[x]	(DELETED)	0.000000	0.000000	0.000000	0.000000	Sink/Demand reaction removed because it is artificial and unnecessary.
DM_hca24g[c]	Hyocholic acid-24glucuronide, HCA-24G[c] => Hyocholic acid-24glucuronide, HCA-24G[x]	(DELETED)	0.000000	0.000000	0.000000	0.000000	Sink/Demand reaction removed because it is artificial and unnecessary.
DM_hca6g[c]	Hyocholic acid-6glucuronide, HCA-6G[c] => Hyocholic acid-6glucuronide, HCA-6G[x]	(DELETED)	0.000000	0.000000	0.000000	0.000000	Sink/Demand reaction removed because it is artificial and unnecessary.
DM_hdca24g[c]	Hyodeoxycholic acid-24glucuronide, HDCA-24G[c] => Hyodeoxycholic acid-24glucuronide, HDCA-24G[x]	(DELETED)	0.000000	0.000000	0.000000	0.000000	Sink/Demand reaction removed because it is artificial and unnecessary.
DM_hdca6g[c]	Hyodeoxycholic acid-6glucuronide, HDCA-6G[c] => Hyodeoxycholic acid-6glucuronide, HDCA-6G[x]	(DELETED)	0.000000	0.000000	0.000000	0.000000	Sink/Demand reaction removed because it is artificial and unnecessary.
DM_hhxdcal[c]	2-Hydroxyhexadecanal[c] => 2-Hydroxyhexadecanal[x]	(DELETED)	0.000000	0.000000	0.000000	0.000000	Sink/Demand reaction removed because it is artificial and unnecessary.
DM_hista[c]	histamine[c] => histamine[x]	(DELETED)	0.000000	0.000000	0.000000	0.000000	Sink/Demand reaction removed because it is artificial and unnecessary.
DM_hretn_n_	4-hydroxyretinoic acid[n] => 4-hydroxyretinoic acid[x]	(DELETED)	0.000000	0.000000	0.000000	0.000000	Sink/Demand reaction removed because it is artificial and unnecessary.
DM_hyochol[c]	Hyocholic acid; gamma-Muricholate[c] => Hyocholic acid; gamma-Muricholate[x]	(DELETED)	0.000000	0.000000	0.000000	0.000000	Sink/Demand reaction removed because it is artificial and unnecessary.
DM_icdchol[c]	Isochenodeoxycholic acid; 3beta,7alpha-Dihydroxy-5beta-cholanic acid[c] => Isochenodeoxycholic acid; 3beta,7alpha-Dihydroxy-5beta-cholanic acid[x]	(DELETED)	0.000000	0.000000	0.000000	0.000000	Sink/Demand reaction removed because it is artificial and unnecessary.
DM_ind56qn[c]	Indole-5,6-Quinone[c] => Indole-5,6-Quinone[x]	(DELETED)	0.000000	0.000000	0.000000	0.000000	Sink/Demand reaction removed because it is artificial and unnecessary.
DM_isochol[c]	Isochenodeoxycholic acid; 3beta,7alpha,12alpha-Trihydroxy-5beta-cholanic acid[c] => Isochenodeoxycholic acid; 3beta,7alpha,12alpha-Trihydroxy-5beta-cholanic acid[x]	(DELETED)	0.000000	0.000000	0.000000	0.000000	Sink/Demand reaction removed because it is artificial and unnecessary.
DM_itp[n]	ITP[n] => ITP[x]	(DELETED)	0.000000	0.000000	0.000000	0.000000	Sink/Demand reaction removed because it is artificial and unnecessary.
DM_k[g]	K+[g] => K+[x]	(DELETED)	0.000000	0.000000	0.000000	0.000000	Sink/Demand reaction removed because it is artificial and unnecessary.
DM_kdn_c_	3-deoxy-D-glycero-D-galacto-2-nonulosonic acid[c] => 3-deoxy-D-glycero-D-galacto-2-nonulosonic acid[x]	(DELETED)	0.000000	0.000000	0.000000	0.000000	Sink/Demand reaction removed because it is artificial and unnecessary.
DM_kynate[c]	4-hydroxy-2-quinolinecarboxylic acid[c] => 4-hydroxy-2-quinolinecarboxylic acid[x]	(DELETED)	0.000000	0.000000	0.000000	0.000000	Sink/Demand reaction removed because it is artificial and unnecessary.
DM_lca24g[c]	Lithocholic acid-24glucuronide, CDCA-24G[c] => Lithocholic acid-24glucuronide, CDCA-24G[x]	(DELETED)	0.000000	0.000000	0.000000	0.000000	Sink/Demand reaction removed because it is artificial and unnecessary.
DM_lca3g[c]	Lithocholic acid-3glucuronide, CDCA-3G[c] => Lithocholic acid-3glucuronide, CDCA-3G[x]	(DELETED)	0.000000	0.000000	0.000000	0.000000	Sink/Demand reaction removed because it is artificial and unnecessary.
DM_lca3s[c]	Lithocholic acid 3-sulfate[c] => Lithocholic acid 3-sulfate[x]	(DELETED)	0.000000	0.000000	0.000000	0.000000	Sink/Demand reaction removed because it is artificial and unnecessary.
DM_m_em_3gacpail_prot_hs_r_	m3gacpail_prot heparan sulfate[r] => m3gacpail_prot heparan sulfate[x]	(DELETED)	0.000000	0.000000	0.000000	0.000000	Sink/Demand reaction removed because it is artificial and unnecessary.
DM_melanin_c_	Melanin[c] => Melanin[x]	(DELETED)	0.000000	0.000000	0.000000	0.000000	Sink/Demand reaction removed because it is artificial and unnecessary.
DM_mem2emgacpail_prot_hs_r_	mem2emgacpail_prot heparan sulfate[r] => mem2emgacpail_prot heparan sulfate[x]	(DELETED)	0.000000	0.000000	0.000000	0.000000	Sink/Demand reaction removed because it is artificial and unnecessary.
DM_mi1345p[c]	1D-myo-inositol-1,3,4,5-tetrakisphosphate[c] => 1D-myo-inositol-1,3,4,5-tetrakisphosphate[x]	(DELETED)	0.000000	0.000000	0.000000	0.000000	Sink/Demand reaction removed because it is artificial and unnecessary.
DM_mi134p[c]	1D-myo-inositol-1,3,4-trisphosphate[c] => 1D-myo-inositol-1,3,4-trisphosphate[x]	(DELETED)	0.000000	0.000000	0.000000	0.000000	Sink/Demand reaction removed because it is artificial and unnecessary.
DM_mi145p[c]	D-myo-inositol-1,4,5-trisphosphate[c] => D-myo-inositol-1,4,5-trisphosphate[x]	(DELETED)	0.000000	0.000000	0.000000	0.000000	Sink/Demand reaction removed because it is artificial and unnecessary.
DM_mi14p[c]	1D-myo-inositol-1,4-bisphosphate[c] => 1D-myo-inositol-1,4-bisphosphate[x]	(DELETED)	0.000000	0.000000	0.000000	0.000000	Sink/Demand reaction removed because it is artificial and unnecessary.
DM_mqn10[c]	Menaquinone-10[c] => Menaquinone-10[x]	(DELETED)	0.000000	0.000000	0.000000	0.000000	Sink/Demand reaction removed because it is artificial and unnecessary.
DM_mqn11[c]	Menaquinone-11[c] => Menaquinone-11[x]	(DELETED)	0.000000	0.000000	0.000000	0.000000	Sink/Demand reaction removed because it is artificial and unnecessary.
DM_mqn7[c]	Menaquinone-7[c] => Menaquinone-7[x]	(DELETED)	0.000000	0.000000	0.000000	0.000000	Sink/Demand reaction removed because it is artificial and unnecessary.
DM_mqn8[c]	Menaquinone-8[c] => Menaquinone-8[x]	(DELETED)	0.000000	0.000000	0.000000	0.000000	Sink/Demand reaction removed because it is artificial and unnecessary.
DM_mqn9[c]	Menaquinone-9[c] => Menaquinone-9[x]	(DELETED)	0.000000	0.000000	0.000000	0.000000	Sink/Demand reaction removed because it is artificial and unnecessary.
DM_myelin_hs[c]	Myelin Sheath[c] => Myelin Sheath[x]	(DELETED)	0.000000	0.000000	0.000000	0.000000	Sink/Demand reaction removed because it is artificial and unnecessary.
DM_n5m2masn_g_	n5m2masn[g] => n5m2masn[x]	(DELETED)	0.000000	0.000000	0.000000	0.000000	Sink/Demand reaction removed because it is artificial and unnecessary.
DM_na1[c]	Na+[c] => Na+[x]	(DELETED)	0.000000	0.000000	0.000000	0.000000	Sink/Demand reaction removed because it is artificial and unnecessary.
DM_na1[g]	Na+[g] => Na+[x]	(DELETED)	0.000000	0.000000	0.000000	0.000000	Sink/Demand reaction removed because it is artificial and unnecessary.
DM_na1[r]	Na+[r] => Na+[x]	(DELETED)	0.000000	0.000000	0.000000	0.000000	Sink/Demand reaction removed because it is artificial and unnecessary.
DM_na1[x]	Na+[p] => Na+[x]	(DELETED)	0.000000	0.000000	0.000000	0.000000	Sink/Demand reaction removed because it is artificial and unnecessary.
DM_ncam	nicotinamide[c] => nicotinamide[x]	(DELETED)	0.000000	0.000000	0.000000	0.000000	Sink/Demand reaction removed because it is artificial and unnecessary.
DM_neuromelanin[c]	Neuromelanin[c] => Neuromelanin[x]	(DELETED)	0.000000	0.000000	0.000000	0.000000	Sink/Demand reaction removed because it is artificial and unnecessary.
DM_no2[c]	nitrite[c] => nitrite[x]	(DELETED)	0.000000	0.000000	0.000000	0.000000	Sink/Demand reaction removed because it is artificial and unnecessary.
DM_nrpphr[c]	noradrenaline[c] => noradrenaline[x]	(DELETED)	0.000000	0.000000	0.000000	0.000000	Sink/Demand reaction removed because it is artificial and unnecessary.
DM_oretn_n_	4-oxo-13-cis-retinoate[n] => 4-oxo-13-cis-retinoate[x]	(DELETED)	0.000000	0.000000	0.000000	0.000000	Sink/Demand reaction removed because it is artificial and unnecessary.
DM_pail35p_hs[n]	phosphatidylinositol-3,5-bisphosphate[n] => phosphatidylinositol-3,5-bisphosphate[x]	(DELETED)	0.000000	0.000000	0.000000	0.000000	Sink/Demand reaction removed because it is artificial and unnecessary.
DM_pchol_hs[c]	PC-LD pool[c] => PC-LD pool[x]	(DELETED)	0.000000	0.000000	0.000000	0.000000	Sink/Demand reaction removed because it is artificial and unnecessary.
DM_pcreat[c]	creatine-phosphate[c] => creatine-phosphate[x]	(DELETED)	0.000000	0.000000	0.000000	0.000000	Sink/Demand reaction removed because it is artificial and unnecessary.
DM_pe_hs[c]	PE-LD pool[c] => PE-LD pool[x]	(DELETED)	0.000000	0.000000	0.000000	0.000000	Sink/Demand reaction removed because it is artificial and unnecessary.
DM_pe_hs[r]	PE-LD pool[r] => PE-LD pool[x]	(DELETED)	0.000000	0.000000	0.000000	0.000000	Sink/Demand reaction removed because it is artificial and unnecessary.
DM_phsph1p[c]	Phytosphingosine-1-Phosphate[c] => Phytosphingosine-1-Phosphate[x]	(DELETED)	0.000000	0.000000	0.000000	0.000000	Sink/Demand reaction removed because it is artificial and unnecessary.
DM_pmtcoa[r]	palmitoyl-CoA[r] => palmitoyl-CoA[x]	(DELETED)	0.000000	0.000000	0.000000	0.000000	Sink/Demand reaction removed because it is artificial and unnecessary.
DM_pnto_R	pantothenate[c] => pantothenate[x]	(DELETED)	0.000000	0.000000	0.000000	0.000000	Sink/Demand reaction removed because it is artificial and unnecessary.
DM_retn[n]	retinoate[n] => retinoate[x]	(DELETED)	0.000000	0.000000	0.000000	0.000000	Sink/Demand reaction removed because it is artificial and unnecessary.
DM_sTn_antigen_g_	sialyl-Tn antigen[g] => sialyl-Tn antigen[x]	(DELETED)	0.000000	0.000000	0.000000	0.000000	Sink/Demand reaction removed because it is artificial and unnecessary.
DM_sph1p[n]	sphinganine-1-phosphate[n] => sphinganine-1-phosphate[x]	(DELETED)	0.000000	0.000000	0.000000	0.000000	Sink/Demand reaction removed because it is artificial and unnecessary.
DM_sphs1p[n]	sphingosine-1-phosphate[n] => sphingosine-1-phosphate[x]	(DELETED)	0.000000	0.000000	0.000000	0.000000	Sink/Demand reaction removed because it is artificial and unnecessary.
DM_sprm_c_	spermine[c] => spermine[x]	(DELETED)	0.000000	0.000000	0.000000	0.000000	Sink/Demand reaction removed because it is artificial and unnecessary.
DM_srtn[c]	serotonin[c] => serotonin[x]	(DELETED)	0.000000	0.000000	0.000000	0.000000	Sink/Demand reaction removed because it is artificial and unnecessary.
DM_taur[c]	taurine[c] => taurine[x]	(DELETED)	0.000000	0.000000	0.000000	0.000000	Sink/Demand reaction removed because it is artificial and unnecessary.
DM_tca3s[c]	Taurocholic acid 3-sulfate[c] => Taurocholic acid 3-sulfate[x]	(DELETED)	0.000000	0.000000	0.000000	0.000000	Sink/Demand reaction removed because it is artificial and unnecessary.
DM_tcdca3s[c]	Taurochenodeoxycholic acid 3-sulfate[c] => Taurochenodeoxycholic acid 3-sulfate[x]	(DELETED)	0.000000	0.000000	0.000000	0.000000	Sink/Demand reaction removed because it is artificial and unnecessary.
DM_tdca3s[c]	Taurodeoxycholic acid 3-sulfate[c] => Taurodeoxycholic acid 3-sulfate[x]	(DELETED)	0.000000	0.000000	0.000000	0.000000	Sink/Demand reaction removed because it is artificial and unnecessary.
DM_thf[n]	THF[n] => THF[x]	(DELETED)	0.000000	0.000000	0.000000	0.000000	Sink/Demand reaction removed because it is artificial and unnecessary.
DM_thm[m]	thiamin[m] => thiamin[x]	(DELETED)	0.000000	0.000000	0.000000	0.000000	Sink/Demand reaction removed because it is artificial and unnecessary.
DM_thyochol[c]	Taurohyocholic acid; N-(3alpha,6alpha,7alpha-Trihydroxy-5beta-cholan-24-oyl)taurine[c] => Taurohyocholic acid; N-(3alpha,6alpha,7alpha-Trihydroxy-5beta-cholan-24-oyl)taurine[x]	(DELETED)	0.000000	0.000000	0.000000	0.000000	Sink/Demand reaction removed because it is artificial and unnecessary.
DM_ts3[c]	tachysterol 3[c] => tachysterol 3[x]	(DELETED)	0.000000	0.000000	0.000000	0.000000	Sink/Demand reaction removed because it is artificial and unnecessary.
DM_tudca3s[c]	Tauroursodeoxycholic acid 3-sulfate[c] => Tauroursodeoxycholic acid 3-sulfate[x]	(DELETED)	0.000000	0.000000	0.000000	0.000000	Sink/Demand reaction removed because it is artificial and unnecessary.
DM_tym[c]	tyramine[c] => tyramine[x]	(DELETED)	0.000000	0.000000	0.000000	0.000000	Sink/Demand reaction removed because it is artificial and unnecessary.
DM_uchol[c]	Ursocholic acid; 3alpha,7beta,12alpha-Trihydroxy-5beta-cholan-24-oic acid; 3alpha,7beta,12alpha-Trihydroxy-5beta-cholanic acid; 7beta-Hydroxyisocholic acid; 7-Epicholic acid[c] => Ursocholic acid; 3alpha,7beta,12alpha-Trihydroxy-5beta-cholan-24-oic acid; 3alpha,7beta,12alpha-Trihydroxy-5beta-cholanic acid; 7beta-Hydroxyisocholic acid; 7-Epicholic acid[x]	(DELETED)	0.000000	0.000000	0.000000	0.000000	Sink/Demand reaction removed because it is artificial and unnecessary.
DM_udca3s[c]	Ursodeoxycholic acid 3-sulfate[c] => Ursodeoxycholic acid 3-sulfate[x]	(DELETED)	0.000000	0.000000	0.000000	0.000000	Sink/Demand reaction removed because it is artificial and unnecessary.
DM_yvite_c_	gamma-tocopherol[c] => gamma-tocopherol[x]	(DELETED)	0.000000	0.000000	0.000000	0.000000	Sink/Demand reaction removed because it is artificial and unnecessary.
sink_11_cis_retfa[c]	fatty acid-retinol pool[c] => fatty acid-retinol pool[x]	(DELETED)	0.000000	0.000000	0.000000	0.000000	Sink/Demand reaction removed because it is artificial and unnecessary.
sink_25hvitd2[c]	25-hydroxyvitamin D2[c] => 25-hydroxyvitamin D2[x]	(DELETED)	0.000000	0.000000	0.000000	0.000000	Sink/Demand reaction removed because it is artificial and unnecessary.
sink_34dhpac[c]	3,4-dihydroxyphenylacetaldehyde[c] => 3,4-dihydroxyphenylacetaldehyde[x]	(DELETED)	0.000000	0.000000	0.000000	0.000000	Sink/Demand reaction removed because it is artificial and unnecessary.
sink_4abut[l]	4-aminobutyrate[l] => 4-aminobutyrate[x]	(DELETED)	0.000000	0.000000	0.000000	0.000000	Sink/Demand reaction removed because it is artificial and unnecessary.
sink_5hpet[c]	5(S)-HPETE[c] => 5(S)-HPETE[x]	(DELETED)	0.000000	0.000000	0.000000	0.000000	Sink/Demand reaction removed because it is artificial and unnecessary.
sink_7klitchol[c]	7-Ketolithocholate[c] => 7-Ketolithocholate[x]	(DELETED)	0.000000	0.000000	0.000000	0.000000	Sink/Demand reaction removed because it is artificial and unnecessary.
sink_9_cis_retfa[c]	Fatty Acid 9-Cis-Retinol[c] => Fatty Acid 9-Cis-Retinol[x]	(DELETED)	0.000000	0.000000	0.000000	0.000000	Sink/Demand reaction removed because it is artificial and unnecessary.
sink_C02528[c]	Chenodeoxycholate[c] => Chenodeoxycholate[x]	(DELETED)	0.000000	0.000000	0.000000	0.000000	Sink/Demand reaction removed because it is artificial and unnecessary.
sink_CE1273[c]	5beta-cholestane-3alpha,7alpha,12alpha,24s,25-pentol[c] => 5beta-cholestane-3alpha,7alpha,12alpha,24s,25-pentol[x]	(DELETED)	0.000000	0.000000	0.000000	0.000000	Sink/Demand reaction removed because it is artificial and unnecessary.
sink_HC02191[c]	lithocholate[c] => lithocholate[x]	(DELETED)	0.000000	0.000000	0.000000	0.000000	Sink/Demand reaction removed because it is artificial and unnecessary.
sink_HC02192[c]	taurolithocholate[c] => taurolithocholate[x]	(DELETED)	0.000000	0.000000	0.000000	0.000000	Sink/Demand reaction removed because it is artificial and unnecessary.
sink_HC02193[c]	glycolithocholate[c] => glycolithocholate[x]	(DELETED)	0.000000	0.000000	0.000000	0.000000	Sink/Demand reaction removed because it is artificial and unnecessary.
sink_HC02194[c]	ursodeoxycholate[c] => ursodeoxycholate[x]	(DELETED)	0.000000	0.000000	0.000000	0.000000	Sink/Demand reaction removed because it is artificial and unnecessary.
sink_HC02195[c]	tauroursodeoxycholate[c] => tauroursodeoxycholate[x]	(DELETED)	0.000000	0.000000	0.000000	0.000000	Sink/Demand reaction removed because it is artificial and unnecessary.
sink_HC02196[c]	glycoursodeoxycholate[c] => glycoursodeoxycholate[x]	(DELETED)	0.000000	0.000000	0.000000	0.000000	Sink/Demand reaction removed because it is artificial and unnecessary.
sink_HC02197[c]	sulfoglycolithocholate[c] => sulfoglycolithocholate[x]	(DELETED)	0.000000	0.000000	0.000000	0.000000	Sink/Demand reaction removed because it is artificial and unnecessary.
sink_HC02198[c]	sulfotaurolithocholate[c] => sulfotaurolithocholate[x]	(DELETED)	0.000000	0.000000	0.000000	0.000000	Sink/Demand reaction removed because it is artificial and unnecessary.
sink_HC02220[c]	sulfochenodeoxycholate[c] => sulfochenodeoxycholate[x]	(DELETED)	0.000000	0.000000	0.000000	0.000000	Sink/Demand reaction removed because it is artificial and unnecessary.
sink_Ser_Gly_Ala_X_Gly[r]	[protein]-L-serine[r] => [protein]-L-serine[x]	(DELETED)	0.000000	0.000000	0.000000	0.000000	Sink/Demand reaction removed because it is artificial and unnecessary.
sink_Tyr_ggn[c]	Tyr-194 Of Apo-Glycogenin Protein (Primer For Glycogen Synthesis)[c] => Tyr-194 Of Apo-Glycogenin Protein (Primer For Glycogen Synthesis)[x]	(DELETED)	0.000000	0.000000	0.000000	0.000000	Sink/Demand reaction removed because it is artificial and unnecessary.
sink_ala_L[c]	alanine[c] => alanine[x]	(DELETED)	0.000000	0.000000	0.000000	0.000000	Sink/Demand reaction removed because it is artificial and unnecessary.
sink_arg_L[c]	arginine[c] => arginine[x]	(DELETED)	0.000000	0.000000	0.000000	0.000000	Sink/Demand reaction removed because it is artificial and unnecessary.
sink_asn_L[c]	asparagine[c] => asparagine[x]	(DELETED)	0.000000	0.000000	0.000000	0.000000	Sink/Demand reaction removed because it is artificial and unnecessary.
sink_asp_L[c]	aspartate[c] => aspartate[x]	(DELETED)	0.000000	0.000000	0.000000	0.000000	Sink/Demand reaction removed because it is artificial and unnecessary.
sink_avite1[c]	alpha-tocopherol[c] => alpha-tocopherol[x]	(DELETED)	0.000000	0.000000	0.000000	0.000000	Sink/Demand reaction removed because it is artificial and unnecessary.
sink_band[c]	Band Membrane Protein (Universal, Erythrocyte --> 2.1,3,4.1)[c] => Band Membrane Protein (Universal, Erythrocyte --> 2.1,3,4.1)[x]	(DELETED)	0.000000	0.000000	0.000000	0.000000	Sink/Demand reaction removed because it is artificial and unnecessary.
sink_btn[c]	biotin[c] => biotin[x]	(DELETED)	0.000000	0.000000	0.000000	0.000000	Sink/Demand reaction removed because it is artificial and unnecessary.
sink_c101coa[c]	Decenoyl Coenzyme A[c] => Decenoyl Coenzyme A[x]	(DELETED)	0.000000	0.000000	0.000000	0.000000	Sink/Demand reaction removed because it is artificial and unnecessary.
sink_c226coa[c]	(4Z,7Z,10Z,13Z,16Z,19Z)-docosahexaenoyl-CoA[c] => (4Z,7Z,10Z,13Z,16Z,19Z)-docosahexaenoyl-CoA[x]	(DELETED)	0.000000	0.000000	0.000000	0.000000	Sink/Demand reaction removed because it is artificial and unnecessary.
sink_c81coa[c]	Octenoyl Coenzyme A[c] => Octenoyl Coenzyme A[x]	(DELETED)	0.000000	0.000000	0.000000	0.000000	Sink/Demand reaction removed because it is artificial and unnecessary.
sink_chol[c]	choline[c] => choline[x]	(DELETED)	0.000000	0.000000	0.000000	0.000000	Sink/Demand reaction removed because it is artificial and unnecessary.
sink_cholate[c]	cholate[c] => cholate[x]	(DELETED)	0.000000	0.000000	0.000000	0.000000	Sink/Demand reaction removed because it is artificial and unnecessary.
sink_citr[c]	citrulline[c] => citrulline[x]	(DELETED)	0.000000	0.000000	0.000000	0.000000	Sink/Demand reaction removed because it is artificial and unnecessary.
sink_coa[c]	CoA[c] => CoA[x]	(DELETED)	0.000000	0.000000	0.000000	0.000000	Sink/Demand reaction removed because it is artificial and unnecessary.
sink_crvnc[c]	DHA[c] => DHA[x]	(DELETED)	0.000000	0.000000	0.000000	0.000000	Sink/Demand reaction removed because it is artificial and unnecessary.
sink_cys_L[c]	cysteine[c] => cysteine[x]	(DELETED)	0.000000	0.000000	0.000000	0.000000	Sink/Demand reaction removed because it is artificial and unnecessary.
sink_dchac[c]	3alpha,12alpha-dihydroxy-5beta-cholanate[c] => 3alpha,12alpha-dihydroxy-5beta-cholanate[x]	(DELETED)	0.000000	0.000000	0.000000	0.000000	Sink/Demand reaction removed because it is artificial and unnecessary.
sink_dd2coa[c]	(2E)-dodecenoyl-CoA[c] => (2E)-dodecenoyl-CoA[x]	(DELETED)	0.000000	0.000000	0.000000	0.000000	Sink/Demand reaction removed because it is artificial and unnecessary.
sink_decdicoa[c]	Decadienoyl Coenzyme A[c] => Decadienoyl Coenzyme A[x]	(DELETED)	0.000000	0.000000	0.000000	0.000000	Sink/Demand reaction removed because it is artificial and unnecessary.
sink_dgchol[c]	glycochenodeoxycholate[c] => glycochenodeoxycholate[x]	(DELETED)	0.000000	0.000000	0.000000	0.000000	Sink/Demand reaction removed because it is artificial and unnecessary.
sink_dhcholestanate[c]	3alpha,7alpha-dihydroxy-5beta-cholestanate[c] => 3alpha,7alpha-dihydroxy-5beta-cholestanate[x]	(DELETED)	0.000000	0.000000	0.000000	0.000000	Sink/Demand reaction removed because it is artificial and unnecessary.
sink_doco13ecoa[c]	13-Docosenoyl Coenzyme A[c] => 13-Docosenoyl Coenzyme A[x]	(DELETED)	0.000000	0.000000	0.000000	0.000000	Sink/Demand reaction removed because it is artificial and unnecessary.
sink_fad[c]	FAD[c] => FAD[x]	(DELETED)	0.000000	0.000000	0.000000	0.000000	Sink/Demand reaction removed because it is artificial and unnecessary.
sink_fe3[c]	Fe3+[c] => Fe3+[x]	(DELETED)	0.000000	0.000000	0.000000	0.000000	Sink/Demand reaction removed because it is artificial and unnecessary.
sink_gchola[c]	glycocholate[c] => glycocholate[x]	(DELETED)	0.000000	0.000000	0.000000	0.000000	Sink/Demand reaction removed because it is artificial and unnecessary.
sink_glgchlo[c]	Beta Glucan-Glycocholate Complex[c] => Beta Glucan-Glycocholate Complex[x]	(DELETED)	0.000000	0.000000	0.000000	0.000000	Sink/Demand reaction removed because it is artificial and unnecessary.
sink_gln_L[c]	glutamine[c] => glutamine[x]	(DELETED)	0.000000	0.000000	0.000000	0.000000	Sink/Demand reaction removed because it is artificial and unnecessary.
sink_glu_L[c]	glutamate[c] => glutamate[x]	(DELETED)	0.000000	0.000000	0.000000	0.000000	Sink/Demand reaction removed because it is artificial and unnecessary.
sink_gly[c]	glycine[c] => glycine[x]	(DELETED)	0.000000	0.000000	0.000000	0.000000	Sink/Demand reaction removed because it is artificial and unnecessary.
sink_glygn2[c]	glycogenin G4G7[c] => glycogenin G4G7[x]	(DELETED)	0.000000	0.000000	0.000000	0.000000	Sink/Demand reaction removed because it is artificial and unnecessary.
sink_hdca[c]	palmitate[c] => palmitate[x]	(DELETED)	0.000000	0.000000	0.000000	0.000000	Sink/Demand reaction removed because it is artificial and unnecessary.
sink_his_L[c]	histidine[c] => histidine[x]	(DELETED)	0.000000	0.000000	0.000000	0.000000	Sink/Demand reaction removed because it is artificial and unnecessary.
sink_ile_L[c]	isoleucine[c] => isoleucine[x]	(DELETED)	0.000000	0.000000	0.000000	0.000000	Sink/Demand reaction removed because it is artificial and unnecessary.
sink_leu_L[c]	leucine[c] => leucine[x]	(DELETED)	0.000000	0.000000	0.000000	0.000000	Sink/Demand reaction removed because it is artificial and unnecessary.
sink_lnlc[c]	linoleate[c] => linoleate[x]	(DELETED)	0.000000	0.000000	0.000000	0.000000	Sink/Demand reaction removed because it is artificial and unnecessary.
sink_lnlccoa[c]	linoleoyl-CoA[c] => linoleoyl-CoA[x]	(DELETED)	0.000000	0.000000	0.000000	0.000000	Sink/Demand reaction removed because it is artificial and unnecessary.
sink_lnlncacoa[c]	linolenoyl-CoA[c] => linolenoyl-CoA[x]	(DELETED)	0.000000	0.000000	0.000000	0.000000	Sink/Demand reaction removed because it is artificial and unnecessary.
sink_lnlncgcoa[c]	gamma-linolenoyl-CoA[c] => gamma-linolenoyl-CoA[x]	(DELETED)	0.000000	0.000000	0.000000	0.000000	Sink/Demand reaction removed because it is artificial and unnecessary.
sink_lys_L[c]	lysine[c] => lysine[x]	(DELETED)	0.000000	0.000000	0.000000	0.000000	Sink/Demand reaction removed because it is artificial and unnecessary.
sink_met_L[c]	methionine[c] => methionine[x]	(DELETED)	0.000000	0.000000	0.000000	0.000000	Sink/Demand reaction removed because it is artificial and unnecessary.
sink_nad[c]	NAD+[c] => NAD+[x]	(DELETED)	0.000000	0.000000	0.000000	0.000000	Sink/Demand reaction removed because it is artificial and unnecessary.
sink_nadp[c]	NADP+[c] => NADP+[x]	(DELETED)	0.000000	0.000000	0.000000	0.000000	Sink/Demand reaction removed because it is artificial and unnecessary.
sink_octdececoa[c]	Octadecenoyl Coenzyme A[c] => Octadecenoyl Coenzyme A[x]	(DELETED)	0.000000	0.000000	0.000000	0.000000	Sink/Demand reaction removed because it is artificial and unnecessary.
sink_odecoa[c]	oleoyl-CoA[c] => oleoyl-CoA[x]	(DELETED)	0.000000	0.000000	0.000000	0.000000	Sink/Demand reaction removed because it is artificial and unnecessary.
sink_phe_L[c]	phenylalanine[c] => phenylalanine[x]	(DELETED)	0.000000	0.000000	0.000000	0.000000	Sink/Demand reaction removed because it is artificial and unnecessary.
sink_phyQ[c]	phylloquinone[c] => phylloquinone[x]	(DELETED)	0.000000	0.000000	0.000000	0.000000	Sink/Demand reaction removed because it is artificial and unnecessary.
sink_pmtcoa[c]	palmitoyl-CoA[c] => palmitoyl-CoA[x]	(DELETED)	0.000000	0.000000	0.000000	0.000000	Sink/Demand reaction removed because it is artificial and unnecessary.
sink_pre_prot[r]	glycophosphatidylinositol-(GPI)-anchored-protein-precursor[r] => glycophosphatidylinositol-(GPI)-anchored-protein-precursor[x]	(DELETED)	0.000000	0.000000	0.000000	0.000000	Sink/Demand reaction removed because it is artificial and unnecessary.
sink_pro_L[c]	proline[c] => proline[x]	(DELETED)	0.000000	0.000000	0.000000	0.000000	Sink/Demand reaction removed because it is artificial and unnecessary.
sink_pydam[c]	pyridoxamine[c] => pyridoxamine[x]	(DELETED)	0.000000	0.000000	0.000000	0.000000	Sink/Demand reaction removed because it is artificial and unnecessary.
sink_pydx[c]	pyridoxal[c] => pyridoxal[x]	(DELETED)	0.000000	0.000000	0.000000	0.000000	Sink/Demand reaction removed because it is artificial and unnecessary.
sink_pydxn[c]	pyridoxine[c] => pyridoxine[x]	(DELETED)	0.000000	0.000000	0.000000	0.000000	Sink/Demand reaction removed because it is artificial and unnecessary.
sink_retfa[c]	Fatty Acid Retinol[c] => Fatty Acid Retinol[x]	(DELETED)	0.000000	0.000000	0.000000	0.000000	Sink/Demand reaction removed because it is artificial and unnecessary.
sink_retinol[c]	retinol[c] => retinol[x]	(DELETED)	0.000000	0.000000	0.000000	0.000000	Sink/Demand reaction removed because it is artificial and unnecessary.
sink_ser_L[c]	serine[c] => serine[x]	(DELETED)	0.000000	0.000000	0.000000	0.000000	Sink/Demand reaction removed because it is artificial and unnecessary.
sink_stcoa[c]	stearoyl-CoA[c] => stearoyl-CoA[x]	(DELETED)	0.000000	0.000000	0.000000	0.000000	Sink/Demand reaction removed because it is artificial and unnecessary.
sink_tag_hs[c]	TAG-VLDL pool[c] => TAG-VLDL pool[x]	(DELETED)	0.000000	0.000000	0.000000	0.000000	Sink/Demand reaction removed because it is artificial and unnecessary.
sink_tchola[c]	taurocholate[c] => taurocholate[x]	(DELETED)	0.000000	0.000000	0.000000	0.000000	Sink/Demand reaction removed because it is artificial and unnecessary.
sink_tdchola[c]	taurochenodeoxycholate[c] => taurochenodeoxycholate[x]	(DELETED)	0.000000	0.000000	0.000000	0.000000	Sink/Demand reaction removed because it is artificial and unnecessary.
sink_tdechola[c]	taurodeoxycholate[c] => taurodeoxycholate[x]	(DELETED)	0.000000	0.000000	0.000000	0.000000	Sink/Demand reaction removed because it is artificial and unnecessary.
sink_tetdec2coa[c]	Tetradecadienoyl Coenzyme A[c] => Tetradecadienoyl Coenzyme A[x]	(DELETED)	0.000000	0.000000	0.000000	0.000000	Sink/Demand reaction removed because it is artificial and unnecessary.
sink_tetdece1coa[c]	Tetradecenoyl Coenzyme A[c] => Tetradecenoyl Coenzyme A[x]	(DELETED)	0.000000	0.000000	0.000000	0.000000	Sink/Demand reaction removed because it is artificial and unnecessary.
sink_thcholstoic[c]	3alpha,7alpha,12alpha-trihydroxy-5beta-cholestanate[c] => 3alpha,7alpha,12alpha-trihydroxy-5beta-cholestanate[x]	(DELETED)	0.000000	0.000000	0.000000	0.000000	Sink/Demand reaction removed because it is artificial and unnecessary.
sink_thf[c]	THF[c] => THF[x]	(DELETED)	0.000000	0.000000	0.000000	0.000000	Sink/Demand reaction removed because it is artificial and unnecessary.
sink_thmpp[c]	thiamin-PP[c] => thiamin-PP[x]	(DELETED)	0.000000	0.000000	0.000000	0.000000	Sink/Demand reaction removed because it is artificial and unnecessary.
sink_thmtp[c]	thiamin-PPP[c] => thiamin-PPP[x]	(DELETED)	0.000000	0.000000	0.000000	0.000000	Sink/Demand reaction removed because it is artificial and unnecessary.
sink_thr_L[c]	threonine[c] => threonine[x]	(DELETED)	0.000000	0.000000	0.000000	0.000000	Sink/Demand reaction removed because it is artificial and unnecessary.
sink_tmndnc[c]	EPA[c] => EPA[x]	(DELETED)	0.000000	0.000000	0.000000	0.000000	Sink/Demand reaction removed because it is artificial and unnecessary.
sink_tmndnccoa[c]	(5Z,8Z,11Z,14Z,17Z)-eicosapentaenoyl-CoA[c] => (5Z,8Z,11Z,14Z,17Z)-eicosapentaenoyl-CoA[x]	(DELETED)	0.000000	0.000000	0.000000	0.000000	Sink/Demand reaction removed because it is artificial and unnecessary.
sink_trp_L[c]	tryptophan[c] => tryptophan[x]	(DELETED)	0.000000	0.000000	0.000000	0.000000	Sink/Demand reaction removed because it is artificial and unnecessary.
sink_tyr_L[c]	tyrosine[c] => tyrosine[x]	(DELETED)	0.000000	0.000000	0.000000	0.000000	Sink/Demand reaction removed because it is artificial and unnecessary.
sink_val_L[c]	valine[c] => valine[x]	(DELETED)	0.000000	0.000000	0.000000	0.000000	Sink/Demand reaction removed because it is artificial and unnecessary.
sink_vitd3[c]	vitamin D3[c] => vitamin D3[x]	(DELETED)	0.000000	0.000000	0.000000	0.000000	Sink/Demand reaction removed because it is artificial and unnecessary.
sink_xol7ah3[c]	5beta-cholestane-3alpha,7alpha,26-triol[c] => 5beta-cholestane-3alpha,7alpha,26-triol[x]	(DELETED)	0.000000	0.000000	0.000000	0.000000	Sink/Demand reaction removed because it is artificial and unnecessary.
sink_xol7aone[c]	7alpha-hydroxycholest-4-en-3-one[c] => 7alpha-hydroxycholest-4-en-3-one[x]	(DELETED)	0.000000	0.000000	0.000000	0.000000	Sink/Demand reaction removed because it is artificial and unnecessary.
sink_xoldiolone[c]	7alpha,12alpha-dihydroxycholest-4-en-3-one[c] => 7alpha,12alpha-dihydroxycholest-4-en-3-one[x]	(DELETED)	0.000000	0.000000	0.000000	0.000000	Sink/Demand reaction removed because it is artificial and unnecessary.
